symbol,b1_p,b1_v
603176,2.45,2109562
300248,15.12,48429
301043,38.89,7258
300818,49.4,50595
300181,11.66,66769
301168,60.06,1857
300841,212.72,61
688180,66.95,49
300026,7.82,5407
300856,63.15,2
835670,27.22,3
430090,8.15,983
300025,4.99,64
300705,35.14,332
300199,12.61,1092
300382,23.02,35
301101,54.38,96
300355,5.39,2744
688555,36.15,50
834021,6.08,26
301025,21.8,163
836260,19.35,5
300398,24.15,126
300278,3.98,313
000982,3.37,51523
002554,3.81,76033
000530,5.67,78245
000953,5.89,39047
000597,6.22,44892
600996,5.57,25433
002694,4.48,137137
600272,8.21,42898
600505,10.51,59056
600986,8.43,230693
002349,11.28,265043
002665,5.15,238232
002731,10.74,20015
000056,5.72,6605
000705,8.88,16195
600843,6.91,17510
002816,18.65,10298
002951,11.74,52898
836149,9.5,25
002873,20.2,27691
002246,10.21,94125
605567,21.3,87969
600566,28.34,9713
605033,26.71,18930
000970,16.05,101501
600085,44.98,9476
001296,59.28,9101
600444,20.9,13285
002354,5.83,127624
002190,33.77,21496
000762,53.13,42469
600976,78.89,427
603368,19.04,14382
002907,18.05,12745
603718,15.3,13677
603230,25.87,3117
600479,12.55,28081
000999,34.24,28062
600129,22.46,40210
605116,22.02,15480
601968,10.4,155
000893,26.65,8536
600847,17.07,21796
002782,17.86,58
600981,3.53,30815
002644,10.04,55323
600255,3.31,49671
600880,7.51,350145
000607,5.31,94524
002118,3.43,51082
600637,9.44,20
002256,4.77,190711
000629,3.89,47902
002746,10.49,19710
000839,2.68,253614
002556,12.86,499
600353,7.37,19918
300813,99.94,2
600795,3.17,39069
002639,14.86,3235
600422,11.04,930
601865,57.94,4811
688138,19.17,37
300337,7.96,147
300572,20.65,134
300723,35.89,117
002840,17.28,59
605117,273.79,23
603311,14.3,3860
600610,14.44,166
001914,20.25,49
000408,41.0,1007
300147,8.07,23
688039,76.81,14
600158,15.11,1175
002625,24.0,1068
603098,46.97,168
000538,104.62,7
688005,115.58,372
002750,16.13,36214
605369,143.05,2
603233,42.1,29
300386,18.28,1583
601339,5.89,83
300843,30.31,29
002701,6.99,682
002727,38.5,196
300452,21.89,21
601877,53.89,467
002264,5.91,39
600521,21.65,157
603458,13.25,315
688793,104.4,12
839946,6.7,413
600438,44.96,1084
603105,16.61,179
300406,19.81,248
002516,6.48,1852
831726,17.3,86
002637,18.88,437
000008,2.93,6662
600285,15.79,16
688598,355.04,24
300354,38.25,5
002531,19.39,344
000861,3.26,1856
002022,14.83,1198
300121,11.6,645
688386,80.55,2
600594,8.12,1184
002603,19.59,364
002987,31.41,25
600383,12.96,193
838924,12.26,235
603110,45.95,170
688560,34.58,122
603327,17.59,60
600080,8.52,171
002773,20.35,245
300203,28.26,378
603001,9.43,70
300039,6.16,1896
002728,17.11,226
600329,31.41,218
838275,7.26,26
000650,9.31,1400
002982,48.79,80
688617,280.0,97
000423,48.75,172
300095,18.87,53
002486,2.99,2983
603806,130.55,3
600750,14.44,44
600587,32.19,37
300007,30.21,112
601012,86.19,12
300118,32.46,229
603086,12.39,455
000546,13.42,633
002135,11.56,2790
002268,55.91,19
300357,57.05,1
600777,2.28,35628
600535,15.85,718
002324,14.12,150
002777,27.64,64
832000,9.41,12
600773,28.26,464
002645,24.4,333
600361,5.75,326
300682,37.03,1
300049,14.67,21
871981,43.08,45
600283,12.64,231
600463,8.1,394
839680,20.89,1
600203,10.26,268
002605,22.73,98
000409,6.64,164
300204,17.55,726
002306,3.3,1373
000792,35.39,531
600332,34.19,156
688658,29.7,30
002758,12.38,199
002140,14.68,199
300213,8.87,175
833523,28.65,185
000921,15.14,3
605168,168.98,22
000014,7.91,65
000708,20.47,2
002105,9.99,490
300692,8.59,105
832171,16.98,34
600011,9.69,9187
837212,16.99,20
301221,95.46,1
600826,9.44,3
002372,24.32,123
605016,35.1,251
002275,16.91,114
002629,5.1,8231
603939,55.11,58
300430,14.48,15
002287,30.56,38
603683,13.76,416
000876,15.2,2495
300393,19.04,1530
000068,3.46,5592
300202,4.85,324
600116,11.66,1203
002086,3.08,69489
836826,14.64,13
600518,3.09,757396
688303,61.96,127
300654,9.49,1
600557,12.23,63
300404,13.83,130
600721,7.49,6
833873,6.66,69
600456,71.78,2
002770,2.3,63724
002872,5.22,477
600781,3.56,6244
600265,21.37,2163
600654,2.46,1671
002473,11.97,3422
002586,3.58,2308
688296,50.79,15
600896,5.22,596
600599,8.23,35451
002634,6.18,789
600378,48.15,1
000980,6.35,122513
600146,3.6,10412
002738,70.35,5
688159,31.6,145
002795,12.13,75
600824,3.85,1679
000673,2.35,11390
603883,49.38,9
600815,3.23,1225
688787,92.41,2
688556,67.45,3
601028,19.04,54
000665,6.26,1817
600122,2.16,7923
601330,10.43,968
600477,4.12,3459
002390,7.41,1987
002558,11.96,539
600300,4.14,1075
002438,20.5,378
000028,36.98,271
000525,8.8,10294
600101,7.71,126
688733,79.75,2
600200,8.56,1450
600338,37.66,356
601127,59.54,153
834765,10.06,4
831370,5.09,28
830832,8.35,2
002650,6.86,223
002950,16.35,374
002545,9.11,496
002347,5.09,2927
603096,29.43,5
300634,17.33,2
603026,197.98,2
688599,78.88,10
838030,6.28,1354
002037,8.06,189
838163,8.1,142
600495,4.04,132
301179,55.41,10
688157,121.7,1
603858,21.09,149
603217,50.67,15
002412,6.34,874
600252,3.85,9282
688680,305.3,0
600487,15.11,687
600210,9.18,3045
603239,17.5,643
688668,70.46,23
002780,19.79,6
301038,20.97,6
300542,15.27,336
300631,42.21,82
300089,4.92,2569
834599,9.83,73
300325,2.59,4903
688110,45.18,116
002069,3.29,449
688233,88.0,268
300967,26.66,61
600052,5.19,826
688390,459.58,6
300475,27.74,115
834475,11.51,55
603886,23.55,197
300018,8.3,3046
300316,69.5,383
603867,36.85,52
600886,11.46,213
688628,29.29,21
002425,9.64,328
002733,23.12,296
300674,23.89,502
002240,57.95,0
688033,32.94,3
000683,7.29,2218
300763,231.52,1
002526,2.41,4299
000533,4.69,3345
600613,6.42,450
601068,6.09,2966
300389,10.33,712
601686,9.79,390
002300,8.15,40
002865,70.0,645
603737,139.1,2
832145,12.94,3
300413,57.21,41
002039,21.08,245
600112,3.47,1306
688277,26.24,2
002386,12.73,963
603669,9.98,364
002512,3.64,3317
300878,52.78,209
002020,9.5,215
603777,14.97,658
600671,8.98,10
300161,30.13,65
834682,7.06,38
002741,20.96,20
002284,10.4,2037
688561,87.92,65
600993,28.76,10
002332,13.2,159
300604,57.49,6
002132,6.11,3066
688408,176.5,290
301155,123.18,1
600062,13.37,439
600582,4.38,2011
000155,26.53,1740
300726,100.05,30
000951,16.88,15
300953,130.53,4
300465,12.16,1115
002755,12.72,50
600898,5.17,354
831039,8.8,5
300029,6.8,399
600211,52.36,42
600572,5.0,1958
603123,8.14,84
002564,4.74,469
603377,8.96,116
831856,9.48,10
603129,172.99,21
600962,10.61,422
002213,18.04,10
430489,15.59,10
002215,6.37,238
300434,10.86,117
300374,13.42,242
003020,45.86,29
300519,20.19,5
000731,10.38,2814
000681,23.9,1115
000539,6.14,646
603058,9.67,941
002192,130.15,119
600436,437.15,8
600048,15.62,1358
002408,10.5,2018
300108,4.32,1175
301050,243.8,7
600173,6.5,52
601718,2.98,5294
301091,32.95,71
300774,21.99,249
688676,32.65,22
600037,8.68,189
688499,293.0,555
300332,11.2,115
870436,20.55,10
603967,14.3,614
600242,2.73,1293
002991,76.3,107
002458,11.3,1108
601139,8.83,1016
600261,4.37,1337
000790,6.35,3717
600655,10.29,151
300898,33.1,116
300506,7.76,808
688186,44.61,10
603315,27.54,1
300274,145.8,55
002126,12.56,65
300083,14.27,1653
002121,5.84,3327
300175,4.86,23
600306,17.4,101
603555,2.78,4564
603131,27.25,22
871553,5.94,12
300298,29.91,34
600759,2.82,7994
603507,40.9,262
688256,95.1,13
603917,23.8,17
601058,14.78,156
605060,17.0,150
300639,29.51,63
831768,12.26,5
689009,70.06,3
300110,4.8,33
300052,32.66,1348
603876,37.61,1
600496,4.26,2086
603888,23.76,31
688518,49.27,120
002212,19.17,271
300343,17.02,751
688698,26.76,2
600280,2.9,1962
002497,28.66,152
301070,35.68,53
600290,2.9,593
002756,148.02,325
002398,7.3,403
300075,18.0,155
002597,51.34,4
600389,41.12,9
600209,5.86,119
601717,11.59,49
603843,4.66,775
000883,5.24,830
002853,17.33,46
600330,16.23,285
300827,90.55,1
603328,7.99,330
600831,6.18,463
832089,14.17,0
688116,149.01,3
002623,34.16,119
688519,50.2,5
300407,8.98,92
837092,28.02,11
600025,6.59,139
830946,17.6,61
831832,19.75,106
300548,33.04,32
830964,5.14,815
002466,106.99,113
300521,14.09,66
002566,9.03,261
002205,8.13,46
603363,12.7,609
605299,19.12,165
688568,78.86,3
000002,19.75,631
001979,13.34,546
603081,13.63,581
301068,30.62,51
836675,9.19,148
002191,15.13,1071
300630,55.03,3
688488,15.57,150
002042,4.56,2208
002026,18.41,1663
688266,58.63,7
688558,45.08,28
600558,3.69,975
300984,61.65,22
600816,4.61,609
301111,48.25,139
300530,35.49,63
603218,32.95,330
002141,6.48,6205
002824,45.35,6
000058,6.73,2243
833454,13.63,2
600640,15.24,97
603818,14.17,33
002590,10.57,464
830799,15.53,6
002918,28.62,188
300894,49.16,48
002129,41.74,299
601900,8.55,255
600573,10.1,353
300861,77.77,8
605259,33.34,81
300218,17.31,192
002505,3.82,3019
002460,142.84,73
300158,8.19,526
002868,11.03,9
002897,56.6,50
002737,16.46,2929
300553,38.8,38
002174,15.24,248
002147,4.79,120
835508,12.58,5
688272,47.21,1
600728,8.32,182
688101,20.1,154
601615,26.09,1267
605268,12.83,383
300132,11.28,396
430418,16.0,20
603100,21.16,136
601928,8.08,462
832225,9.41,14
002864,31.33,21
600713,4.9,2274
002555,27.01,56
002433,7.46,1770
000040,3.9,909
603628,13.37,188
300425,5.54,143
000017,3.56,699
300016,9.17,6872
300256,3.26,3162
300451,11.17,23
600734,3.02,12684
002424,7.59,1967
603879,7.94,173
601086,3.96,254
002223,37.77,2
605507,28.82,217
000919,7.64,587
002244,4.65,418
300348,15.66,121
871396,14.01,9
600545,3.0,2151
688221,18.59,128
430510,21.3,67
002066,11.07,758
301177,127.1,2
002107,7.4,5119
601860,3.34,5904
603663,27.7,8
300470,44.67,4
002326,51.21,363
300948,24.52,254
000007,6.08,155
605266,76.56,3
600483,16.28,157
002667,19.96,279
603698,18.35,117
000032,20.73,108
688260,16.66,17
603439,15.78,51
000816,4.1,6708
605336,34.1,1
300772,43.97,37
600905,7.5,3822
835305,18.47,58
688177,25.76,8
002538,10.29,668
688318,152.2,3
300910,79.82,2
688669,46.94,160
603688,63.11,9
002335,36.35,69
836892,17.12,13
688626,56.92,9
003042,25.88,10
600227,3.79,3633
300761,37.79,5
601020,13.56,130
300081,18.38,25
605388,18.18,151
300724,114.13,7
001216,16.71,461
300094,4.52,3390
000039,17.16,730
600771,43.05,265
002547,4.54,2760
839167,21.01,6
002488,8.78,831
603139,21.77,14
002181,4.55,411
300573,136.79,11
603600,12.34,87
002837,40.89,330
600664,3.54,3285
600739,19.51,367
600369,5.29,6461
430198,9.94,10
605305,96.27,11
600380,12.84,459
833509,20.51,32
002044,7.84,1104
300148,5.36,2526
002102,3.94,1099
603666,75.12,24
605555,40.8,164
688028,46.12,3
300304,6.91,1996
600526,6.18,784
600838,6.54,434
001219,30.6,111
002187,8.72,173
688767,69.9,23
600157,1.81,69917
002204,4.35,2558
600969,7.96,37
002581,21.35,63
300172,5.46,1909
300112,14.12,258
688269,124.75,1
301024,48.61,6
600959,3.29,870
688799,41.16,2
688779,23.43,172
601908,9.17,3446
300552,40.28,165
300651,27.87,62
300079,8.82,4123
300820,89.9,48
600319,5.55,17
002315,16.97,18
835640,21.9,1
000833,6.66,497
002841,81.38,6
601567,16.31,305
688369,71.1,8
002157,9.66,106
605133,28.7,1
300440,9.69,94
601599,3.35,1645
601800,8.57,944
600212,4.08,463
300842,79.97,5
600100,6.02,1659
603166,8.69,143
600644,7.87,769
300170,8.58,1569
002935,36.81,75
300164,5.98,1650
688099,130.15,45
600207,6.77,246
601155,29.13,576
600416,21.89,234
600955,45.63,21
000786,35.82,20
603606,51.16,25
002960,48.55,6
603300,13.44,330
688092,37.84,26
600343,13.79,449
600027,5.34,6561
601360,12.72,8609
300993,28.7,22
000803,22.98,143
603611,19.4,86
688315,41.28,28
603258,30.0,564
300887,67.7,4
002903,17.93,114
603920,22.3,94
603596,69.6,11
300266,3.89,3404
600982,4.68,2162
600089,21.17,2037
000078,3.52,4660
000592,3.15,7407
688737,58.5,4
002034,17.27,901
603099,10.95,57
000590,9.87,7
600829,6.71,68
600090,1.18,12673
688660,11.85,608
600626,3.98,2532
833427,11.11,50
603117,3.97,229
301015,30.29,1
601002,5.16,1761
600359,8.37,75
002540,7.68,17
002234,17.16,6
688622,59.95,241
600633,8.8,315
688212,37.77,14
600081,13.66,193
300768,41.23,32
600674,12.49,912
688025,77.0,5
002202,16.47,1348
002317,12.08,908
600783,12.91,676
688063,197.0,2
000931,7.67,979
688466,21.56,50
300859,22.6,28
003022,36.43,241
688121,38.44,14
605599,13.46,596
300315,4.85,5576
300919,151.5,17
002344,4.89,34
601088,22.52,90
603882,111.36,3
001217,19.31,117
300401,14.38,536
002319,13.13,3
300253,16.75,476
688235,144.51,23
600657,3.73,1334
600511,31.52,277
600586,9.25,136
688585,10.7,18
002380,14.59,561
600622,2.92,562
300268,18.54,18
300317,7.57,2530
300279,7.34,547
600195,13.07,345
000042,8.05,795
002299,24.16,31
300551,16.81,376
688128,29.56,110
603444,421.85,2
688022,64.9,4
002100,10.69,355
603232,16.1,881
688305,106.99,10
002045,14.99,620
603185,166.98,28
002400,5.12,5199
300752,34.75,31
000593,6.41,1498
688198,254.11,5
002797,7.31,3267
301046,50.7,113
600998,14.71,198
600256,6.53,4703
603063,40.3,28
688196,58.43,4
002052,2.18,1638
600595,4.4,739
688133,218.01,2
603225,14.85,873
002337,4.4,480
000738,30.27,176
002885,26.08,684
601069,12.28,358
600936,3.04,1077
002575,4.37,116
000892,4.5,1138
300239,7.05,304
600128,7.41,113
002585,27.08,78
300503,12.86,46
300444,6.65,1602
000611,3.09,760
600105,5.37,1019
003816,3.12,11084
002810,61.51,16
603685,12.52,80
300980,42.26,15
000656,4.47,4531
002439,28.53,35
688127,22.99,422
300468,20.19,244
002580,8.17,383
000989,10.86,13
603998,6.8,1747
688683,24.56,14
301167,36.49,112
000510,5.9,127
002487,38.74,38
600628,7.74,213
603885,17.75,2
600703,37.55,286
603112,13.19,103
601882,24.76,69
300918,10.22,60
300585,14.05,74
837242,12.87,18
300146,26.95,74
002714,53.35,13
000659,4.12,843
002393,21.6,28
603516,20.27,57
600097,11.51,141
000029,7.83,201
002198,7.87,370
603676,9.29,130
300776,255.9,3
601636,17.1,1186
600819,5.58,86
600537,4.72,50
601991,3.23,7009
600965,6.49,648
600221,1.86,32363
002688,6.12,298
300145,3.26,3782
600420,10.36,213
000591,11.2,15276
600800,4.72,237
600529,43.89,75
000012,9.93,424
000657,16.07,37
831305,28.33,8
002969,5.69,213
600216,17.08,124
002168,4.28,830
002434,14.73,40
600375,10.11,5
603708,16.64,35
603203,36.87,35
601098,9.57,140
002136,16.25,113
002437,2.9,4534
000875,9.09,727
300320,16.14,476
002271,52.67,2
000777,15.72,38
600169,2.87,3876
300055,13.02,289
000835,2.91,1215
000819,18.43,1261
002075,5.82,2884
688608,304.94,2
688200,511.71,3
300129,9.24,319
000637,4.83,478
688618,44.35,2
000829,18.44,333
839729,15.1,115
300917,32.69,44
000513,40.2,1227
002454,8.4,1860
300004,6.85,174
300237,2.94,7640
002206,8.87,479
300377,12.36,323
603538,35.5,157
000862,8.86,1476
000690,5.91,2110
600509,6.4,503
688679,12.81,72
300941,51.07,261
605068,36.15,3
002124,6.44,367
000826,4.45,209
600499,24.82,1718
600929,7.45,472
300027,3.96,2765
300930,32.43,15
603227,7.03,774
688656,63.0,41
300915,57.2,1
002475,49.2,43
301037,25.13,40
600675,3.0,1444
300523,22.09,20
831961,26.0,1
002501,2.01,1655
600023,4.04,312
002687,7.07,211
002472,27.57,170
300485,13.18,445
300872,33.35,269
300305,18.76,362
002668,5.52,665
688718,28.46,2
000011,11.66,232
300510,6.57,1384
301058,19.58,601
605177,27.63,52
603357,9.22,24
300012,26.86,230
300101,22.18,281
002789,11.99,79
688687,27.34,34
301053,29.9,5
000026,11.85,135
603016,23.2,36
603681,39.3,5
603778,4.65,1904
603585,19.17,79
000059,7.28,17
600596,24.95,23
002995,34.28,1
002314,3.12,3296
002463,16.58,265
603809,20.56,1
688379,22.0,231
000797,2.61,2030
000722,8.88,1058
000045,9.49,108
600775,9.95,14
002757,15.25,157
301041,29.77,126
002252,6.82,2034
832885,21.4,1
603707,42.0,286
603605,208.27,2
300073,86.86,66
000156,8.45,278
300036,30.04,44
002238,6.3,1907
002405,15.91,634
600403,4.24,383
600156,4.2,336
601177,9.01,523
002567,7.46,519
603008,39.0,5
300463,29.19,5
600057,8.49,671
688566,22.82,91
002899,15.39,10
600883,8.51,112
600676,4.31,3604
600220,2.66,220
002550,4.82,111
300627,45.98,3
600871,2.13,15605
600757,5.35,272
300487,98.33,111
601808,15.0,93
002845,29.54,31
603966,10.27,127
688006,107.58,8
002495,2.7,2773
002245,27.5,296
002915,28.6,94
000503,16.9,375
300673,20.48,119
603811,16.23,114
000778,4.33,2172
600370,3.25,1518
002038,10.81,1133
300443,57.75,28
000908,4.36,148
000776,24.59,86
002860,24.35,46
600088,11.4,18
002884,27.96,159
603699,10.95,63
002953,17.03,15
688300,110.87,0
300324,3.83,453
000055,4.96,3542
688071,65.6,182
600839,3.31,7369
002832,25.45,747
300207,42.15,19
600293,3.88,3685
000009,14.42,2456
600851,8.88,20
601228,3.33,4310
000006,4.46,10771
603730,23.32,2
002719,10.49,102
002262,15.64,25
000561,8.39,1310
601019,6.14,896
000952,7.83,134
000692,3.92,2205
002788,7.81,291
600517,7.29,1541
000567,17.85,62
002462,14.06,25
603039,69.77,151
300326,10.65,550
830839,9.57,42
688312,27.0,73
601137,23.6,92
000791,6.83,3375
603662,23.69,87
837344,27.38,207
601929,2.24,13480
002371,347.01,11
002152,11.9,2463
603697,17.56,22
301031,152.03,2
600467,2.84,4309
688109,51.22,33
833266,14.65,30
000920,11.49,613
300591,7.95,279
603187,47.4,9
002836,9.68,28
002740,4.55,551
000529,6.29,552
603915,38.83,11
603055,16.06,3
688677,93.62,2
002416,11.37,286
600284,6.31,69
603680,9.17,81
300275,11.48,230
000598,6.31,908
000821,13.78,1002
002941,12.09,166
002373,14.95,519
600488,4.59,1648
002643,23.64,99
603109,28.51,5
003030,25.98,29
000613,4.08,246
600385,6.86,150
600276,50.71,521
600894,7.53,263
002296,7.51,2320
600073,8.09,891
601677,44.09,21
002088,26.0,42
002035,6.36,521
300353,9.85,225
688001,35.86,6
002199,8.19,195
600267,13.99,612
002298,7.59,563
000415,2.91,137
600279,4.06,791
002776,3.52,425
600833,9.35,6
600108,3.53,2672
300778,20.02,373
000793,2.94,6118
603579,33.34,45
600251,9.45,54
300244,33.57,36
600026,5.91,1015
002318,17.88,22
300267,4.73,4175
600186,3.0,6286
002759,29.29,110
603799,110.3,708
000063,33.5,1088
600429,6.0,1204
000727,3.0,18726
600039,12.04,82
300359,5.98,958
603602,10.28,174
002654,4.23,1295
603010,26.17,21
600153,9.06,844
002630,2.41,2674
002675,15.78,537
601579,11.48,103
603863,9.12,153
000977,35.82,473
000720,4.88,1882
600257,7.35,1163
000521,3.67,3426
603979,21.47,34
300085,15.31,1192
002613,3.67,638
688508,115.53,11
600339,3.07,4364
002785,26.49,3
000623,18.47,280
600202,4.93,1782
688776,195.43,0
002507,37.79,6
600373,12.35,369
002528,3.72,170
603901,16.1,9
300301,3.71,3385
002391,8.08,888
688670,75.68,40
000031,3.72,825
688118,24.4,61
002734,13.1,242
300180,5.03,6
002154,5.03,105
300217,5.65,2849
601616,3.78,2722
000019,6.95,1224
002663,1.9,2482
603212,31.12,44
601827,8.91,295
605003,28.37,24
000950,5.09,2092
300280,33.15,45
601222,12.12,1020
002286,13.51,186
002862,14.15,153
000798,7.71,97
603826,38.27,7
835184,9.01,1
300792,49.0,21
605286,29.89,91
002276,9.01,1364
002826,10.95,283
601390,5.79,2585
600115,5.16,4641
002620,6.45,148
300736,11.63,5
688257,66.2,6
002578,3.9,1352
002374,10.9,1969
600292,8.53,405
600512,3.26,4675
002176,20.76,1384
603336,7.81,579
603260,131.83,5
300195,7.15,1278
688082,127.63,10
300502,39.18,535
603000,14.41,672
600653,1.96,12599
002385,10.49,1617
688030,29.65,12
301149,21.18,134
300269,3.91,312
300163,3.92,1857
300021,5.9,1458
002330,6.57,497
300005,9.9,94
600790,3.29,490
300581,25.07,56
603567,15.28,14
600058,9.26,431
600508,11.28,534
688788,136.7,4
603668,12.55,1170
600275,2.65,1730
300297,3.32,6744
603027,24.08,428
300796,17.43,16
688663,47.17,2
600449,12.02,99
688183,13.96,250
600325,6.01,1779
605136,24.35,151
688357,191.94,67
002595,27.74,2
002309,6.75,2438
002493,18.16,607
000524,7.45,184
300371,14.93,73
300803,39.57,6
300943,46.28,270
688018,189.2,2
600862,35.76,27
002829,39.43,94
600008,3.4,14998
605080,74.79,1
600248,4.79,963
603337,23.42,18
000504,18.59,10
603889,6.18,67
688148,34.98,97
301006,24.08,10
688321,35.01,350
300009,13.09,2452
688211,75.0,0
600841,11.83,70
688358,45.58,35
601218,5.51,1174
300541,13.17,145
600592,10.34,97
600624,6.92,211
600185,6.91,1013
688569,20.14,22
688229,55.13,28
603188,5.58,415
002552,14.61,189
300972,15.85,241
002615,5.58,340
688210,41.46,185
002882,11.18,142
600769,6.28,229
002539,13.27,698
300074,4.21,12
600079,22.51,251
003011,34.17,346
600617,4.22,1336
000557,4.21,365
002422,18.93,526
300937,45.54,56
002723,14.76,111
688038,19.11,11
301073,34.32,16
688521,77.35,30
603565,28.38,11
300182,6.32,4907
603359,14.3,234
300119,24.12,106
301040,39.99,21
002942,18.01,20
000680,4.27,866
000038,8.59,29
300285,42.57,58
300883,8.54,914
300135,2.84,4764
000726,6.45,167
601668,5.0,3125
301066,25.16,102
002984,35.55,7
603157,2.13,931
603712,43.26,5
002518,25.1,150
000065,8.58,1078
002078,11.49,2208
300185,3.59,8203
002311,73.3,289
002541,53.54,11
300197,2.89,5642
600979,3.61,2476
600606,4.34,5777
002582,8.7,2460
600774,16.65,45
688696,551.69,5
600710,6.54,1091
300797,17.54,150
002978,42.28,102
603279,46.38,89
300411,7.99,285
002660,8.04,101
600765,50.48,12
600867,10.95,2727
688051,47.74,20
603566,22.09,121
000505,7.33,777
600282,3.69,4189
002988,20.6,346
000906,11.11,134
002742,7.37,1
603859,39.66,18
300140,7.38,307
300117,3.7,191
002097,9.66,997
601965,18.6,54
600812,11.91,87
605300,21.52,57
600510,7.48,93
300383,14.84,1403
300539,8.14,20
603977,10.48,49
600075,8.21,2199
688190,118.36,2
300321,20.24,28
603101,5.92,387
002796,8.23,126
002230,52.51,228
600569,2.99,5680
600150,24.78,548
300210,3.77,5635
300391,15.19,319
002233,10.57,324
600007,14.4,132
601212,3.04,9326
000587,1.5,6242
000995,25.11,634
301077,58.55,70
002772,8.36,1557
002407,44.99,2606
600082,3.02,780
002938,42.42,19
600258,26.12,1115
600736,4.59,509
002019,17.61,79
300262,3.83,925
000615,10.77,938
603038,13.85,10
300082,15.45,85
688511,55.39,9
600522,16.96,24
603833,147.5,28
300777,61.88,101
002993,39.37,2
688088,44.06,37
300208,10.83,290
300555,9.26,10
002171,13.25,12
603160,107.7,8
002695,16.31,894
300593,54.37,6
000301,19.34,499
002036,24.25,237
300153,10.13,287
601100,81.78,11
601186,7.79,3761
002195,2.34,59
000404,4.69,537
002768,25.84,28
002444,30.51,411
600766,4.7,115
601021,56.8,726
600523,24.39,41
300501,19.69,108
301004,20.48,2
300034,57.59,24
600225,3.14,1112
603677,12.65,22
300598,63.99,67
300821,18.28,813
002891,30.24,143
002831,33.55,3
000544,6.39,311
688388,125.4,22
002715,12.74,127
603938,36.78,21
000545,3.99,5835
000153,11.97,484
603788,14.27,194
300731,36.45,20
300284,6.37,817
603506,16.83,72
300732,12.03,109
688667,171.71,30
002294,27.31,141
300070,7.18,6298
600236,6.42,25
605180,35.28,67
300399,12.11,10
605199,24.92,1127
300114,17.68,172
600415,4.84,1361
002067,4.04,2883
688330,113.66,10
601933,4.04,9934
300699,84.47,13
688377,18.61,9
600694,19.5,178
000534,17.93,5
300042,15.38,37
000802,4.91,478
300131,8.14,48
300746,13.84,262
000536,2.45,1802
600881,3.24,6263
600547,18.81,1045
002365,10.6,1024
603990,22.27,74
600822,9.04,993
600299,12.32,197
600556,12.35,219
002404,5.75,1596
300925,28.81,13
600810,12.44,1193
603823,14.9,607
300438,47.24,8
600666,1.67,1441
688182,24.13,45
600136,6.69,19
003037,10.91,201
300613,163.04,3
600645,25.23,209
002546,4.19,1067
002221,12.59,9
002989,25.29,44
603630,20.15,117
300187,7.57,41
300610,20.12,269
600865,9.29,47
000502,5.96,40
300873,49.09,6
300385,8.44,99
000815,6.72,1417
688188,385.27,2
000902,16.88,362
603958,6.77,5
600149,5.13,920
002104,6.78,1280
002976,22.12,82
605376,84.03,3
300214,7.7,630
002409,81.16,6
603007,3.41,913
600187,2.58,1026
603116,5.98,216
000716,3.42,103
001201,38.57,2
600388,8.62,72
688036,156.9,2
000697,8.62,696
002724,16.34,143
002793,10.36,46
000035,6.0,1938
603722,53.86,15
688707,50.15,20
603228,34.53,3
002939,12.94,916
002065,7.79,1571
301019,41.38,15
605008,14.74,93
300306,10.36,86
688619,21.81,156
002809,10.44,181
688222,23.47,10
300394,36.6,230
002166,9.7,150
300507,13.83,44
002312,13.08,742
601106,3.48,2910
000630,3.47,10969
000881,9.63,62
300388,7.85,600
300310,5.27,883
000667,1.73,54476
300482,39.37,74
688103,69.67,17
688590,18.37,57
002197,8.76,492
002073,7.88,353
000806,2.64,1348
688505,14.09,56
000972,2.68,1157
600874,7.07,169
300020,8.83,3
300235,16.49,22
600835,15.92,84
688395,28.45,2
300246,21.85,22
600551,7.97,209
002893,8.84,446
000703,10.61,2313
688577,54.94,1
002830,10.62,34
301016,25.91,30
601500,5.33,1658
002537,7.1,2081
600787,6.24,359
600222,8.97,228
603586,13.38,179
002381,8.07,204
002370,4.47,1030
300231,8.96,67
603963,8.84,629
002079,13.5,670
002451,7.21,16
300819,25.22,11
002529,30.75,283
600461,8.14,690
600165,13.43,1119
002004,7.24,1871
600056,11.8,282
688189,35.22,18
600900,22.67,3
000061,6.38,1143
002945,13.66,193
003013,20.08,57
601158,6.4,152
603916,25.75,1704
688098,11.03,191
002880,32.17,45
002583,5.52,3422
002925,34.02,119
000626,24.83,10
300881,27.77,22
301080,211.13,1
300459,5.55,17962
002496,2.78,3461
002959,63.86,74
301100,37.05,330
300839,18.6,2
300257,15.87,184
002535,1.85,4874
603179,43.23,1
600103,2.81,9308
000605,5.59,135
688019,273.0,13
300490,22.44,1041
002651,13.23,77
600825,4.71,2236
000553,8.44,34
300947,32.84,10
688578,30.2,63
603985,53.42,106
300733,26.27,25
603726,14.18,20
002093,6.58,943
600741,28.3,933
600425,3.78,3637
300762,27.41,85
300115,19.83,94
600311,1.89,403
002559,8.58,294
605389,46.5,68
000691,4.74,352
002910,11.58,289
603790,10.51,5
000558,3.84,771
605499,181.83,50
300903,25.87,37
002979,25.87,38
300103,9.55,49
300808,14.41,23
688355,33.43,15
000422,21.3,435
688058,81.11,1
603603,6.72,182
688096,14.44,167
300409,24.25,260
603629,22.28,5
600491,6.88,55
002218,6.76,1561
002928,12.55,25
000509,2.9,1535
601200,12.58,706
002186,9.68,2
002208,7.76,1073
600754,58.6,81
300271,12.69,1663
603679,13.59,19
688032,702.0,3
301098,28.3,32
688739,76.13,90
601949,5.84,1042
002523,2.92,648
301059,20.59,277
300988,35.47,9
002589,3.93,478
002542,2.94,3268
000638,4.88,1015
600295,23.58,78
833819,5.92,663
300222,11.81,1038
002005,1.95,495
600177,6.89,1006
002926,9.85,380
300815,30.58,361
600973,5.92,922
002817,12.06,84
002696,5.91,519
688399,137.5,61
002571,6.93,211
603198,69.45,118
600868,2.97,3396
300718,16.88,68
300738,22.7,153
688625,56.13,55
002900,20.82,611
600743,1.98,7093
002614,12.88,845
600160,12.9,1206
603528,6.98,631
002459,92.7,1906
600791,3.97,775
300318,9.91,1914
688201,62.65,7
300614,48.0,281
002336,5.01,109
603976,34.11,68
600811,3.01,8646
300795,21.06,10
002778,18.11,266
300429,12.09,114
002401,10.11,10
002446,6.05,1998
603106,6.09,131
603926,16.28,5
000813,4.07,2811
600691,5.11,2333
601766,6.09,8660
600716,4.06,1572
600689,7.12,154
000958,5.1,577
603711,16.39,2
002956,18.43,41
002029,6.17,603
603773,20.52,12
000973,5.15,1412
300678,22.51,537
688538,3.08,11837
600649,4.11,349
002739,15.47,1165
000785,5.15,4628
603665,33.36,13
300249,7.2,511
600858,5.18,168
600755,7.21,963
688049,61.0,17
600392,19.61,1020
600966,10.34,972
301133,36.67,6
002155,10.35,1753
600651,3.09,3409
600533,3.1,1987
688007,34.35,280
600727,10.39,128
601801,5.18,155
301082,24.87,129
600665,3.1,678
002305,2.07,2107
600999,17.65,1036
002419,6.27,678
601888,219.4,54
002457,8.36,159
002133,3.12,2413
688308,70.65,2
002283,9.43,126
002179,100.56,25
688553,33.63,61
603690,48.15,409
300099,9.38,1070
301048,13.66,172
003040,26.32,558
300509,6.38,508
600246,10.65,10
000555,12.72,112
002916,121.8,5
600802,7.41,531
002413,7.43,3438
300520,19.12,71
002068,10.49,45
000926,4.25,201
300525,23.38,213
301027,17.07,12
600767,7.54,402
600500,8.55,803
002001,31.11,24
601368,5.38,1977
600820,5.37,296
300751,642.1,2
600636,10.74,147
688117,36.61,142
605196,10.72,293
300690,28.0,95
688768,111.44,4
301045,29.22,23
600096,19.61,548
000666,8.68,148
300067,4.35,1960
603987,21.73,14
000679,4.31,400
603398,19.78,260
000913,14.18,89
002169,12.06,101
600873,7.66,449
300457,30.71,397
688289,59.0,8
000975,8.78,916
300403,6.6,314
300497,16.33,2563
000417,4.4,690
601828,8.81,1149
600630,5.6,301
688613,55.26,321
300480,34.31,2
002183,6.61,2022
600563,232.4,66
603088,11.14,286
600732,23.35,829
603993,5.58,15682
300775,48.89,167
300376,10.04,1841
688076,41.32,40
600857,10.06,492
300370,2.23,3183
603613,107.5,64
002334,7.83,104
688636,141.0,14
000917,6.75,1000
300062,11.26,159
831445,19.27,26
688181,47.39,2
300225,14.58,167
603903,11.3,6
600975,6.78,2642
688151,36.28,279
600729,26.02,5
688167,218.88,5
600382,5.66,890
300139,12.48,314
300611,11.27,101
603379,22.78,40
603612,20.51,425
002083,4.6,1904
601966,36.55,278
002145,12.59,535
688155,113.51,5
688520,58.44,9
605178,34.42,33
688335,33.1,32
002207,5.69,884
300364,14.83,2116
002021,2.28,4124
301049,34.54,150
002726,10.45,726
002057,9.19,683
835185,147.8,6
002153,28.74,4
600459,25.44,11
603739,18.59,23
002732,26.83,71
002508,36.0,565
300962,19.83,132
603221,9.31,104
603878,7.0,828
002572,22.2,146
002237,11.69,327
600528,8.21,35
301023,77.64,1
000885,10.6,14
603995,57.86,52
603168,9.47,304
002489,3.56,3559
000735,7.12,870
002226,5.94,1472
300788,29.61,20
605001,8.36,3
301063,39.2,21
600708,2.38,2594
002293,14.33,158
002765,8.4,1817
002743,7.15,565
600650,9.57,403
300810,26.44,9
300577,22.85,9
600340,3.59,10880
002087,3.59,3358
600498,17.97,69
002453,18.14,304
688586,33.83,8
002115,6.01,1365
000584,6.05,1008
002331,8.43,159
600513,9.65,373
002109,6.04,824
002228,3.65,433
300369,15.85,169
002227,17.09,68
600565,2.43,9327
002887,9.78,41
300568,36.71,20
002917,11.03,142
603912,14.68,38
603619,14.98,273
600063,6.13,2586
300864,45.41,36
300512,15.96,46
600642,7.36,1247
600612,45.85,12
688336,18.54,15
600308,6.19,6019
600145,1.21,2692
300063,4.93,1233
603817,6.23,331
601588,2.48,3691
600789,7.49,1201
000898,3.74,6637
300781,23.78,347
300439,21.3,117
600520,8.77,55
603277,18.49,15
603076,36.32,45
600302,5.0,539
300091,6.3,1325
000767,3.76,2075
605077,41.8,12
600635,3.78,2574
603158,16.5,284
300392,7.59,66
002290,7.58,128
688187,82.0,330
000736,6.32,40
000581,21.53,760
002200,7.68,133
600647,12.84,2
600468,5.12,690
603727,20.52,192
603056,10.23,216
300979,89.04,1
688199,42.01,10
002077,7.67,57
300313,7.69,214
000601,5.12,2467
003004,27.12,11
003027,24.46,21
300526,21.86,156
603333,10.44,302
002681,3.87,1004
688789,261.79,2
831010,6.38,168
002395,10.36,47
600690,29.88,462
300867,27.56,522
600863,3.94,6155
603042,13.09,304
002399,17.09,5
002397,3.94,2312
605208,21.05,63
002577,11.91,1216
300528,6.55,585
603689,10.52,80
600598,14.56,1452
600603,3.97,1137
000551,10.55,335
300198,4.01,642
600961,9.29,95
000925,9.25,963
688513,46.4,40
688202,485.59,0
603815,7.97,1015
000548,4.0,430
603638,31.91,2
603518,12.07,403
600084,4.0,732
300823,22.83,28
688010,28.14,46
002697,5.32,744
603658,55.05,10
300017,6.69,8192
600748,4.04,1423
600060,13.44,1003
600584,31.02,518
603590,32.49,67
600077,2.7,1681
002062,4.06,285
688580,108.5,10
603200,22.95,84
300154,6.75,68
688596,25.85,128
600693,4.04,2760
300128,4.07,2339
600133,5.41,1744
601868,2.73,32553
300696,51.93,3
600797,6.8,1039
603118,9.55,481
002251,6.81,222
002593,4.09,449
002867,17.77,461
600201,16.35,126
300529,53.29,2
000818,37.1,28
600879,8.23,2100
000750,4.11,3956
601958,6.85,1524
000788,6.84,868
688557,27.44,10
002130,8.25,754
600104,20.63,2110
002745,15.13,37
600502,4.14,1777
600801,19.3,112
002818,12.51,52
300642,31.71,10
000877,15.31,458
300532,11.11,156
300138,16.69,37
603797,6.97,449
002611,5.57,1004
605020,30.69,97
600717,4.19,711
300765,15.33,27
003009,61.76,13
600761,12.51,361
688091,44.88,73
688123,67.79,19
300127,25.24,54
002388,5.63,136
603868,43.41,4
000768,36.5,508
300897,33.99,41
600012,7.07,14
300174,16.94,73
002016,5.65,97
600803,18.36,44
300251,12.84,5
601992,2.84,575
002307,4.26,1691
600190,2.85,2307
688819,42.8,11
600019,7.15,4751
002839,5.75,2594
688778,103.35,26
300906,31.88,135
688528,13.09,134
300891,16.01,184
600273,11.57,4066
300892,40.52,6
600137,14.64,5
000429,7.4,831
603165,19.25,1002
600968,2.92,15247
600744,5.85,1325
603609,10.24,160
600692,5.85,79
000966,7.33,816
000090,5.86,1065
300888,82.45,2
600805,4.4,2543
600702,227.29,1
605099,35.35,102
688111,264.33,3
000651,37.03,1782
002901,50.62,32
600704,5.92,1602
000899,5.93,322
600884,32.76,5
600208,2.98,506
002072,5.96,133
600848,14.87,82
600182,13.46,18
603156,28.4,74
002064,10.43,871
002430,30.0,83
688216,49.65,42
002619,1.49,23439
688160,34.5,0
600238,18.18,1489
600460,54.19,392
603535,30.29,129
000890,4.52,995
300461,19.64,3
000023,13.59,358
002137,6.04,881
300390,80.99,20
300968,13.75,211
600036,48.7,1345
002616,6.08,232
000608,3.05,409
603687,10.8,506
300190,6.09,4017
688097,46.66,124
603365,16.82,22
600119,7.69,126
603556,13.79,68
600032,15.46,735
603015,7.72,229
002869,15.54,326
688135,41.79,15
603171,35.18,6
300584,20.0,60
002279,4.71,243
000048,17.3,65
000936,6.27,719
600219,4.7,21370
002693,4.71,539
002316,4.72,1146
603896,57.99,10
000428,3.15,2575
002193,6.3,301
301047,345.69,4
002879,23.6,18
300111,3.15,2717
605162,12.76,372
600639,12.76,3
300662,62.2,171
600985,11.18,1795
603330,17.65,4
688004,35.16,81
603657,26.02,11
300875,62.67,31
301032,12.8,229
601369,13.01,77
601899,9.7,6539
002366,4.83,1435
000766,4.75,1829
601688,17.75,5244
300936,38.79,60
600970,11.43,41
688661,100.5,5
600602,6.49,814
603887,8.11,366
603356,13.05,25
601016,6.51,6425
300113,16.31,1210
300995,27.71,8
300236,40.83,5
002058,11.52,29
601375,4.91,3076
000955,4.91,694
000677,3.28,3258
002798,14.86,190
002574,4.92,1037
002491,4.92,1011
601099,3.28,6767
300879,19.76,106
603083,13.23,21
603126,8.29,915
688350,23.04,3
603955,13.23,5
002177,6.62,301
600497,4.99,1223
002117,8.32,496
300618,80.18,204
603317,26.81,500
000523,3.34,414
600481,10.06,1152
300410,11.74,130
601666,8.37,551
002210,3.37,2231
301108,60.17,48
300035,30.25,266
002661,11.84,460
002149,18.52,56
600475,11.83,122
600643,6.75,299
002417,5.08,2
002144,10.12,188
600448,3.38,684
600410,6.77,1260
688571,8.46,14
603551,10.2,134
002763,10.13,217
300664,6.79,797
002730,11.94,265
301081,20.37,261
002327,8.53,280
300006,6.81,3543
300224,17.08,375
300862,34.41,1
601188,3.49,517
002498,5.17,3120
002827,10.37,139
300229,10.34,333
688777,75.88,1
600004,12.05,593
600818,8.67,55
300822,22.47,68
300997,17.32,531
300971,39.87,5
300054,24.34,63
300766,15.62,702
603839,8.71,207
300259,5.22,2176
300498,19.25,228
002931,14.09,58
301067,48.94,18
600684,3.56,11780
603087,70.34,41
600782,5.27,8740
002224,5.28,1846
603138,15.88,32
002627,5.32,296
002435,5.27,1185
600030,26.4,2299
600305,15.94,1433
600435,10.67,439
600604,5.36,55
002767,12.53,255
603989,41.4,23
600022,1.78,151413
688316,50.15,7
688686,282.17,5
603322,12.61,53
605500,18.05,168
600167,9.01,1580
600887,41.45,664
600663,10.85,365
002383,7.24,1509
600623,9.09,1112
002515,5.47,157
300890,61.82,3
603387,20.05,87
603999,5.47,444
300178,1.82,7146
605296,40.31,120
601111,9.12,2639
603002,7.38,741
600724,3.67,49
002259,3.67,343
600066,11.02,2096
603519,14.76,28
603316,5.52,361
605151,20.29,1
000978,5.53,922
603226,7.36,87
688192,37.0,181
300334,9.21,254
688633,63.12,26
603706,14.78,3
600367,18.57,239
002076,1.85,8118
000976,5.55,4270
002061,5.57,752
605222,25.99,313
605258,31.8,6
600768,9.45,24
000541,5.65,199
000046,1.87,17403
000010,3.77,110
002455,13.25,131
002973,15.11,8
300350,7.55,1824
601298,5.68,1169
601126,20.89,466
688158,26.52,113
002980,30.4,5
002452,9.53,227
300001,24.87,55
688616,13.38,37
300679,52.48,17
000910,13.41,241
688280,15.25,195
603909,15.35,66
688169,813.0,1
300749,9.68,23
600608,5.81,105
688085,30.87,77
600714,13.53,199
300080,5.81,1172
605338,34.84,5
002677,17.35,233
002007,29.13,219
600568,1.96,3653
000698,5.86,1337
000572,5.85,230
300047,7.85,125
603588,17.56,14
002285,3.92,2638
002447,1.97,2047
000616,1.97,3613
603167,7.93,543
600333,5.93,397
300384,24.04,219
600678,6.02,2028
000997,18.11,137
300335,6.02,221
600278,8.08,229
300292,3.99,622
601975,2.01,7781
688217,72.71,2
000837,10.11,1264
600493,6.09,122
002081,6.07,4015
601669,8.08,16544
603388,8.13,24
688338,44.6,4
300537,16.26,321
002483,8.07,1235
300518,44.78,10
688456,28.53,10
002653,20.38,112
300635,16.29,48
600368,4.07,27
300933,12.22,1316
603828,4.07,1504
000923,14.29,218
603898,12.26,296
603338,80.26,0
601872,4.1,9789
600322,2.04,5945
001205,24.24,20
600658,4.12,26
002099,8.23,67
300023,6.18,162
000498,6.18,184
600489,8.23,114
600804,6.19,2002
600289,4.11,101
002705,24.7,160
300657,16.51,561
000961,4.13,8843
603041,12.38,125
601005,2.08,23001
600688,4.17,229
000606,2.07,4824
300433,22.97,320
002384,27.1,259
600117,4.18,1341
688509,6.28,1295
603800,21.05,1
300996,31.59,105
603980,6.32,23
605028,23.29,68
600893,63.46,230
688002,78.57,11
300097,8.46,707
300380,16.95,29
000559,6.37,1472
688013,25.42,5
601006,6.39,533
603181,19.16,102
600711,10.73,663
600933,19.28,7
300549,17.17,101
603288,105.1,72
688069,49.24,3
002014,8.58,884
002963,17.24,58
300809,44.88,278
600326,6.45,2036
600928,4.3,5569
000652,4.3,4063
601728,4.32,22892
601609,8.65,2083
000070,6.5,266
002348,2.18,1802
688027,173.4,17
002146,4.34,3289
688299,32.7,92
603866,28.4,141
300517,13.06,8
603318,8.75,2054
300989,43.5,66
300173,6.57,119
002700,4.39,345
688659,13.2,171
601128,6.61,902
600629,6.59,68
301033,61.12,4
002622,4.4,2054
688165,11.01,320
300288,13.24,154
600307,2.2,28412
600673,8.87,543
000732,2.21,5369
603659,160.61,2
688020,91.15,274
000407,4.43,2432
002856,11.14,11
300088,13.27,1138
605377,17.93,1
000413,2.24,19155
605488,26.73,28
601608,4.46,3832
000779,8.92,59
300854,29.18,270
300106,11.15,225
300102,8.99,1703
836720,27.15,10
600588,35.87,251
600589,2.25,2921
601168,13.61,382
002110,6.8,5016
002510,4.53,2268
688055,6.84,1152
600168,6.83,705
300105,6.82,2084
002209,6.83,439
002792,15.99,44
002011,13.7,918
002965,25.23,4
300446,9.27,59
300669,18.49,155
300155,6.96,1
300346,46.44,225
300041,18.53,91
000998,23.26,139
600064,9.33,954
000531,9.33,231
002842,9.37,406
002295,7.03,168
601919,18.69,2607
600737,9.39,312
002608,7.0,297
002056,18.86,592
300911,81.9,6
688161,63.72,43
600890,2.35,556
300756,28.41,14
002610,4.7,40403
300579,40.5,40
300048,7.14,169
600446,14.31,69
000532,11.91,59
002403,7.18,91
600570,62.12,1
300790,45.18,474
000157,7.16,2523
601236,11.92,1426
300835,71.99,17
300885,19.24,1
603895,22.01,126
603069,14.54,26
601969,12.01,1455
600139,2.43,1418
300857,28.96,88
000488,7.23,5523
301018,26.47,13
002482,2.42,2813
300242,4.87,847
300851,29.28,24
000715,4.87,105
600958,14.74,2901
600837,12.26,6114
000517,2.46,1276
002362,17.22,177
000810,9.84,1275
002175,2.45,1477
601990,9.91,220
603079,17.3,74
600051,7.47,35
001212,32.3,52
603009,7.49,1113
300939,49.92,137
000702,4.99,549
300644,20.04,8
003033,27.55,16
688255,40.15,16
001203,15.07,119
600561,5.03,93
688258,35.28,129
603948,27.85,3
688425,5.07,2568
300277,10.07,1416
002618,2.54,122
002392,5.03,1286
000639,5.08,702
002962,12.75,93
600901,5.09,6736
300576,35.75,681
300689,20.35,36
600877,15.66,182
300505,30.64,198
000333,73.81,19
300570,17.95,164
688313,12.88,160
301039,12.82,615
600350,5.15,1438
300789,25.69,149
002426,2.59,6715
000965,2.6,791
600720,10.39,888
603229,36.41,96
688579,12.96,2
002601,28.58,558
600176,18.19,554
300419,7.79,166
002747,25.95,63
603305,49.88,302
300590,28.85,52
601216,5.23,2554
301035,57.99,2
603959,15.76,216
000034,15.82,113
603881,36.92,195
000540,2.64,9599
000088,5.29,1378
300432,29.39,125
300061,10.62,306
300427,13.31,370
300970,29.16,155
603238,13.34,110
600297,2.67,26160
300477,8.05,308
002673,8.07,1880
300412,24.71,332
688089,61.44,2
000027,8.09,2617
300649,16.26,118
688501,21.92,58
002783,10.78,370
600619,8.13,170
300799,94.0,107
000996,8.16,296
688108,8.2,277
002981,21.93,28
000711,2.76,1021
002977,80.05,7
605006,13.89,4
003043,80.2,5
300087,30.39,34
605118,16.6,227
002576,16.6,53
601326,2.77,3033
300889,19.34,160
300666,52.58,83
002060,5.55,3471
600017,2.8,3011
688329,41.92,6
002602,8.38,2266
601699,11.31,306
600033,2.81,6227
605122,22.65,120
688166,36.7,24
688136,28.26,107
000402,5.66,36
601607,19.87,1090
300533,19.98,4
002325,2.86,4675
002122,2.86,715
301086,83.54,24
002278,5.83,613
002351,11.71,74
300742,34.88,98
300830,11.8,1384
300940,35.53,63
000586,8.92,166
300422,8.99,19
002479,5.93,5695
600751,2.97,4991
300492,45.55,2
002328,5.99,911
601156,21.86,4
601117,11.99,2263
300950,41.74,9
300349,12.05,2737
601512,9.05,100
300569,14.93,800
600895,15.06,452
600439,3.0,5817
688178,24.12,159
000625,15.19,141
601988,3.05,439893
600864,6.11,80
600196,48.94,143
002282,9.19,59
603577,9.26,155
002875,9.21,110
301198,37.19,126
600697,12.46,42
600726,3.11,372
603601,12.41,74
300899,31.2,31
300964,40.78,53
000560,3.13,7711
300676,87.8,70
002090,9.47,439
300488,28.36,60
605298,18.92,12
605166,15.92,25
002946,15.94,3
601199,6.38,132
002716,3.21,1890
300558,79.83,22
600794,3.22,4472
600503,3.21,7223
601921,9.63,399
301182,35.66,49
603700,19.37,3
002277,3.26,1788
601866,3.25,22351
600328,16.4,233
600193,6.57,600
603508,22.98,0
002151,39.25,1248
002431,3.26,6174
002753,9.84,218
600756,13.11,1
600823,3.27,4705
600567,3.29,28010
300395,65.71,19
002445,3.3,460
301090,13.23,846
600355,3.29,125
002377,3.31,1420
003021,79.74,1
600715,3.33,1389
600345,16.68,42
300243,13.32,461
300033,144.54,2
002769,6.71,631
002170,6.71,815
002448,6.76,1094
300291,6.84,464
002820,10.18,371
600055,23.8,117
600029,6.8,2598
300100,10.3,43
603759,17.07,124
603077,3.41,20297
600269,3.42,3989
603080,17.19,70
688722,13.69,629
600916,13.72,337
603660,6.88,229
688179,78.61,7
002340,10.35,5371
600611,3.45,734
002127,6.9,6409
000158,6.92,3478
300184,6.94,1351
002474,6.95,569
300641,6.99,553
002898,10.43,29
603950,17.4,49
601916,3.5,12535
002890,17.43,6
600458,13.84,57
002255,7.0,1458
603017,10.59,37
600094,3.53,7140
002598,10.68,179
000911,10.7,417
002184,14.29,427
002116,7.13,6
001896,7.14,101
002051,7.15,841
000631,3.57,292
600828,3.6,120
600161,28.96,236
688011,32.81,13
002239,3.65,10036
688057,25.73,14
000737,7.42,678
603385,11.1,54
603030,3.69,442
300420,3.71,1364
300059,37.11,2704
002911,11.19,237
300538,26.35,1
300295,11.37,75
002543,7.56,134
000830,15.25,860
002142,38.28,11
002106,11.5,655
603530,19.19,17
002807,3.85,322
601077,3.85,240
002418,3.84,3574
000728,7.7,2132
600679,11.64,97
002958,3.86,3350
000528,7.7,3120
600189,7.71,595
601198,11.62,1192
002281,23.28,109
605009,54.98,53
600050,3.93,1757
600067,3.94,3302
000886,3.96,1056
000622,3.94,148
300508,39.51,20
300072,7.93,1512
601838,11.99,308
002594,268.12,347
601399,3.95,3542
600098,8.07,438
688339,270.85,8
603978,27.42,18
601113,4.04,666
688699,187.18,33
600846,8.16,280
300871,28.48,124
600061,8.22,1054
603906,37.04,74
603928,12.34,442
002024,4.11,4663
600719,4.11,2701
688219,12.35,334
832278,12.15,2032
603095,25.14,3
000603,12.58,439
000761,4.19,2208
688609,12.61,160
600127,8.45,2298
600028,4.23,728
002185,12.71,348
300193,12.75,16
301076,34.2,6
000151,8.5,1342
300426,8.58,39
002123,17.19,290
603199,21.71,4
000987,8.7,1571
301036,30.57,12
603103,13.21,65
603136,17.61,36
300722,39.56,34
603108,13.4,124
601211,17.88,1594
601009,8.95,5915
600288,13.38,198
600371,13.42,643
600778,4.45,1644
300559,9.05,188
601811,9.06,127
603960,36.38,9
688655,18.26,29
000419,4.58,24
603128,13.68,501
603488,9.12,76
000020,9.15,80
300605,13.77,264
603848,13.85,60
002182,22.94,92
601328,4.61,790
600346,22.97,1499
300586,13.66,782
301001,32.33,61
002948,4.63,2324
002360,9.29,115
603392,221.44,1
688516,245.72,20
000718,4.71,594
688333,212.0,86
002053,9.46,226
605339,33.32,8
300909,43.05,7
603299,9.56,538
605365,19.16,75
300294,38.35,8
300378,24.0,463
600309,101.0,25
605368,14.45,394
002248,9.66,616
002876,62.34,8
002429,4.85,3816
300670,9.71,463
603323,4.86,1560
300008,4.91,5646
601857,4.91,15237
000060,4.91,104
300583,24.66,39
301180,29.49,3
688009,4.97,7631
600250,4.99,325
603177,15.06,48
301199,35.15,130
000410,5.03,749
002749,9.99,16
603383,35.9,17
000932,5.11,826
000600,5.09,724
000166,5.12,2060
600126,5.13,3696
002120,20.46,55
300302,10.29,100
002415,52.31,29
000617,5.17,4194
601619,5.16,9496
603159,15.66,40
600277,5.27,2273
300098,5.24,5163
002235,5.23,933
000501,10.51,45
000049,58.32,56
600683,5.34,468
002851,32.01,119
603983,31.87,317
000554,5.32,683
300162,10.82,253
001218,43.61,3
688106,27.8,103
003031,83.78,5
300596,44.74,50
002674,11.22,701
300743,11.25,55
603709,16.86,46
688070,33.73,3
600908,5.66,1220
600885,74.6,33
600376,5.66,276
600956,17.21,308
300931,11.61,204
002736,11.48,44
600638,5.73,350
301056,11.52,405
300084,5.79,2292
600919,5.82,3102
002517,5.81,1059
688278,29.27,19
300952,23.4,22
002548,5.87,2125
600525,5.98,40
600327,5.95,516
000782,5.95,1149
300668,17.88,48
000851,5.97,140
600738,6.07,477
603719,42.47,6
002406,6.12,678
002111,12.23,224
300849,12.26,15
002713,6.16,2368
002040,6.18,329
000589,6.15,1206
300992,24.75,90
300602,25.1,11
600784,6.33,745
603501,310.7,2
300270,6.39,60
300293,12.87,51
301000,64.28,8
301088,25.9,5
601606,12.99,79
301169,39.24,95
002679,13.13,595
000888,6.59,115
301057,19.84,87
002952,13.26,200
300648,60.15,20
002752,6.74,276
601696,13.44,358
300787,26.99,5
688621,121.6,5
601825,6.74,4860
603416,47.61,28
000993,13.58,761
300961,20.35,400
688517,13.64,1045
300011,6.86,420
688526,27.52,500
688365,13.85,34
600151,13.84,141
003028,41.89,10
688309,21.01,2
601038,14.08,335
301005,49.32,20
002201,21.02,262
000948,14.25,146
000859,7.08,1312
603321,7.11,514
000426,7.24,919
300923,28.97,13
605155,21.89,7
601519,7.37,332
002672,7.36,183
300078,7.37,599
002909,7.34,16
601788,14.93,1080
000025,14.95,179
002985,120.4,5
002375,7.49,90
002761,7.51,500
000719,7.52,402
000783,7.53,16528
601279,7.58,194
002825,22.63,66
300003,22.63,524
301055,22.74,233
603678,75.64,17
688389,22.98,30
300160,7.65,303
605158,7.68,415
300545,23.0,29
003039,31.03,122
600963,7.87,215
000037,7.84,1223
601901,7.84,4391
002167,7.89,63
000869,31.85,2
300935,55.82,35
002833,32.18,245
000582,8.04,28
600667,8.08,332
603725,8.15,241
300647,8.18,16
300333,8.18,58
002838,16.4,5136
600215,8.23,647
300554,16.49,59
300960,24.92,457
600135,8.34,189
600536,49.92,201
603013,16.71,268
603018,8.35,315
300192,8.31,28
603578,16.85,1
600983,8.51,806
002536,8.53,911
002921,17.08,91
002533,8.61,349
002010,8.69,52
300916,61.67,5
600696,35.29,23
000685,8.85,1086
300522,17.79,29
300232,8.94,2178
688129,17.89,23
300983,81.13,13
600118,27.15,103
300120,9.12,2204
603019,27.56,146
300040,9.28,1147
000988,27.82,31
300238,18.52,234
000968,9.35,108
300057,9.4,256
300177,9.45,910
300594,18.94,40
603380,38.27,17
002670,9.59,718
605378,28.85,362
600903,9.68,881
002456,9.7,1869
300660,29.3,62
603599,39.0,123
300665,9.75,446
300626,10.07,48
002216,20.21,397
300368,10.27,125
000800,10.28,2036
600138,10.38,82
603053,10.38,473
603186,41.78,22
600323,20.98,98
605011,21.06,30
002449,10.77,54
002008,54.0,319
601595,10.81,129
300582,21.63,406
002465,10.91,1433
688086,21.95,10
600506,11.18,10
601528,11.27,681
601952,11.9,40
603043,24.05,21
301017,24.14,13
300615,12.17,32
002690,37.45,45
603269,12.77,6
603429,26.09,121
688317,51.64,24
600648,13.23,1962
688981,52.98,90
300719,13.3,920
603367,13.35,332
603028,13.38,120
601601,27.11,78
603661,40.71,15
600746,13.79,25
600621,13.84,53
300855,70.49,79
300977,55.6,31
600597,14.52,385
688588,14.81,108
300846,15.11,616
300829,45.7,36
605179,15.15,19
300717,15.45,57
600363,31.02,1
300535,15.69,46
000895,31.54,10
300219,15.8,36
000021,15.83,1835
688396,64.6,85
300472,16.05,1023
605580,16.23,61
300955,32.87,126
002815,16.85,164
002080,34.01,552
603298,17.15,46
603045,17.15,267
300975,17.42,353
002250,17.96,523
600980,18.09,239
300715,18.52,95
000960,19.52,155
002254,19.61,413
002030,20.05,1435
300531,20.43,28
002922,20.3,746
301021,41.81,38
300652,21.98,46
600362,22.32,572
688139,90.81,8
300575,22.45,68
835174,22.5,31
300339,22.77,2464
300667,22.83,14
600111,45.79,855
300880,24.69,552
300727,26.7,8
301003,54.78,7
688393,30.47,13
300999,62.92,113
603208,63.08,98
002912,33.08,4
301052,35.64,43
600259,49.24,17
601318,50.41,105
688276,68.6,19
688366,125.88,2
836263,-,-
834415,-,-
833994,-,-
833874,-,-
832317,-,-
688262,-,-
688259,-,-
688234,-,-
688228,36.5,20
688220,-,-
688176,-,-
688173,-,-
688168,62.05,4
688100,34.37,2
688067,27.77,30
688062,-,-
605588,39.41,12
605277,30.47,444
603798,13.11,14
603682,6.07,1071
603656,12.44,59
603636,8.92,575
603618,7.23,145
603615,8.67,300
603389,5.21,60
603366,5.07,348
603256,8.56,239
603122,-,-
603059,23.12,45
601999,7.0,184
601997,6.51,4224
601989,4.21,30116
601963,8.89,187
601956,6.76,551
601886,6.59,636
601880,1.73,79448
601816,4.83,1308
601789,3.73,1458
601665,5.58,592
601577,7.81,9729
601558,-,-
601555,8.86,2427
601398,4.63,117652
601333,2.24,12748
601311,15.33,733
601299,-,-
601268,-,-
601258,1.63,129579
601229,7.13,30961
601166,19.04,599
601163,13.71,50
601162,4.04,27641
601138,11.91,3111
601000,2.75,6831
600991,-,-
600987,5.55,474
600978,-,-
600977,12.81,818
600960,3.99,149
600941,-,-
600917,8.39,1142
600909,5.4,2602
600899,-,-
600891,-,-
600889,6.2,903
600878,-,-
600861,23.0,564
600852,-,-
600849,-,-
600842,-,-
600840,-,-
600832,-,-
600813,-,-
600806,-,-
600799,-,-
600792,4.11,3122
600788,-,-
600786,-,-
600772,-,-
600762,-,-
600752,-,-
600747,-,-
600723,-,-
600709,-,-
600701,-,-
600700,-,-
600687,-,-
600686,6.28,380
600680,-,-
600677,-,-
600672,-,-
600670,-,-
600669,-,-
600661,9.72,491
600659,-,-
600656,-,-
600646,-,-
600634,-,-
600632,-,-
600631,-,-
600627,-,-
600625,-,-
600614,-,-
600607,-,-
600591,-,-
600562,18.37,57
600553,-,-
600549,22.63,685
600538,6.04,1338
600527,2.39,8973
600515,4.52,2786
600485,-,-
600480,9.91,793
600472,-,-
600470,7.08,2066
600432,-,-
600423,4.09,543
600409,8.7,6917
600401,-,-
600398,6.41,852
600390,5.32,467
600377,8.62,188
600358,4.41,1407
600357,-,-
600337,3.5,2267
600321,2.02,1220
600317,-,-
600296,-,-
600286,-,-
600271,13.38,324
600270,-,-
600266,4.5,2140
600263,-,-
600253,-,-
600247,-,-
600240,-,-
600231,2.65,6998
600230,14.24,126
600205,-,-
600198,8.85,156
600181,-,-
600175,-,-
600162,2.09,5969
600159,3.06,2333
600130,4.1,1621
600123,9.37,3851
600121,4.78,1584
600113,6.7,171
600107,5.94,681
600102,-,-
600092,-,-
600087,-,-
600086,-,-
600074,-,-
600072,-,-
600069,-,-
600068,-,-
600065,-,-
600059,12.23,671
600016,3.9,23635
600015,5.59,10196
600010,2.78,143821
600006,6.81,4117
600005,-,-
600003,-,-
600002,-,-
600001,-,-
600000,8.53,22045
301201,-,-
301196,-,-
301159,-,-
301158,-,-
301136,-,-
301123,-,-
301117,-,-
301116,-,-
301083,17.19,252
300958,27.01,122
300956,21.47,13
300886,30.34,88
300876,30.27,54
300834,-,-
300621,9.13,173
300546,17.84,95
300534,-,-
300464,8.32,405
300453,12.63,274
300431,-,-
300379,29.53,147
300372,-,-
300362,-,-
300356,3.35,896
300352,6.1,621
300312,2.8,978
300282,4.52,1062
300261,-,-
300252,8.92,650
300234,8.31,1556
300230,4.64,948
300216,-,-
300201,3.83,3800
300186,-,-
300176,6.67,435
300156,-,-
300149,13.8,44
300144,14.31,472
300143,14.12,190
300137,7.73,130
300116,2.45,35253
300104,-,-
300090,-,-
300050,4.78,335
300028,-,-
002966,6.76,2188
002936,3.16,771
002930,25.77,1
002889,27.04,63
002771,10.99,131
002766,-,-
002711,-,-
002683,-,-
002680,-,-
002666,5.53,602
002658,8.34,99
002638,-,-
002631,7.35,343
002626,31.33,55
002609,9.74,119
002604,-,-
002591,5.69,447
002579,10.3,387
002561,7.22,3
002524,9.17,1889
002522,7.09,3331
002520,10.4,547
002509,-,-
002504,1.8,99
002503,1.58,52262
002500,6.6,1145
002485,4.67,5773
002481,8.51,200
002477,-,-
002461,9.1,175
002450,-,-
002428,11.99,238
002396,23.56,585
002394,8.21,184
002359,-,-
002356,-,-
002341,5.5,1870
002323,-,-
002321,-,-
002267,7.36,2572
002260,-,-
002236,23.47,336
002220,-,-
002211,4.06,479
002143,-,-
002131,2.46,4587
002113,1.94,487
002108,7.82,114
002092,9.54,1239
002084,5.49,882
002071,-,-
002070,-,-
002033,6.21,287
002023,13.6,1366
002018,-,-
002015,16.46,395
001872,16.95,16
001234,-,-
001227,-,-
000979,-,-
000957,5.66,1854
000956,-,-
000939,-,-
000927,3.53,6892
000916,-,-
000912,6.25,1959
000900,4.22,766
000897,2.72,14913
000882,1.91,15557
000868,4.03,1959
000866,-,-
000832,-,-
000827,-,-
000817,-,-
000805,-,-
000787,-,-
000780,-,-
000769,-,-
000765,-,-
000763,-,-
000760,-,-
000759,5.0,480
000758,5.46,2465
000752,5.21,88
000751,3.87,5692
000748,-,-
000730,-,-
000709,2.45,14098
000701,5.41,259
000700,5.1,2417
000699,-,-
000693,-,-
000689,-,-
000675,-,-
000671,3.01,16456
000670,-,-
000669,2.59,1635
000662,-,-
000660,-,-
000658,-,-
000655,8.29,647
000653,-,-
000632,3.66,2043
000621,-,-
000620,1.97,3859
000618,-,-
000602,-,-
000594,-,-
000588,-,-
000585,2.05,570
000583,-,-
000578,-,-
000573,3.17,3374
000569,-,-
000563,3.23,88
000562,-,-
000556,-,-
000549,-,-
000542,-,-
000535,-,-
000527,-,-
000522,-,-
000518,3.62,1573
000515,-,-
000511,-,-
000508,-,-
000425,5.99,1963
000418,-,-
000412,-,-
000406,-,-
000405,-,-
000401,11.95,1620
000047,-,-
000033,-,-
000024,-,-
000018,-,-
000015,-,-
000013,-,-
000005,2.3,45
000003,-,-
002352,68.91,2
688559,59.71,97
688368,319.63,50
301075,38.9,119
601066,29.25,326
301093,52.2,19
300136,25.31,1598
002957,25.43,542
688081,25.1,193
603353,23.22,60
688766,354.61,2
300817,21.58,17
603515,20.75,109
000710,19.4,436
002156,19.42,1217
688156,19.55,36
300824,18.69,99
300183,18.23,87
002940,36.33,21
603068,53.55,24
688215,34.95,2
603936,17.2,433
605081,34.53,1
300779,17.24,14
605169,16.82,689
600897,16.56,25
300484,15.46,317
603529,45.57,181
601628,30.09,428
300351,14.83,10
300608,14.53,627
002119,14.42,225
603029,14.3,21
603408,14.19,247
600315,40.4,89
300205,13.36,202
300515,13.26,62
688208,79.4,214
000050,13.01,1038
688126,25.82,321
603610,25.85,12
600906,12.76,600
002657,12.6,350
688500,37.34,9
300456,24.56,397
003026,74.05,28
300938,48.9,45
300323,12.06,1090
300912,23.99,20
688359,58.66,46
002242,23.19,307
605066,11.62,368
300840,11.58,287
002313,11.4,59
601881,11.18,422
002194,10.84,25
003016,10.42,638
603036,10.05,74
603701,9.91,183
600834,9.96,578
000636,29.8,604
300227,9.83,289
300771,19.48,30
601336,38.87,203
603289,9.66,135
002180,47.76,105
002054,9.41,182
000663,9.17,249
002933,36.42,15
600360,9.07,2335
300123,9.06,779
603066,8.82,133
603648,8.86,24
601858,8.82,37
600731,8.58,3551
300965,68.66,28
603787,16.89,339
688398,50.5,8
300858,33.2,16
600888,8.27,869
002261,8.25,1377
300737,16.24,30
300255,8.13,628
601568,8.13,1851
002423,8.1,1667
002288,8.09,1599
002367,8.03,1103
002302,8.03,2417
002410,63.98,55
600579,8.0,125
605005,23.79,94
688288,40.02,2
300757,62.0,6
688218,15.12,10
300685,75.5,7
002600,7.36,10792
000089,7.32,1665
002573,7.27,854
300233,29.08,154
605088,14.53,18
600616,7.2,932
300942,28.85,69
600218,14.36,139
300758,14.34,80
603003,7.14,53
600336,7.13,110
003017,41.8,137
300223,134.0,8
002968,35.42,5
688701,13.91,86
002902,13.81,79
688095,138.01,11
002999,6.87,2326
601187,6.9,33
002098,6.8,154
600793,13.67,228
600707,6.82,234
002992,13.42,96
301185,26.71,36
000565,6.67,313
603399,6.61,1869
601015,6.48,4882
002560,6.49,1677
600971,6.46,1478
300868,25.76,16
000507,6.45,2578
605069,19.22,766
002718,12.66,167
600143,12.57,1785
002521,6.26,144
600476,12.42,22
002411,12.45,1126
605566,30.69,264
601366,6.18,43
002802,24.59,67
002787,6.11,443
000789,12.22,327
603616,6.05,45
601225,12.2,1946
002009,24.15,603
002702,6.04,239
688008,83.86,5
002320,5.99,2513
600262,23.95,276
002588,5.94,5286
002927,11.91,11
300729,29.4,93
000635,11.8,162
301119,41.35,270
601939,5.85,5816
003015,11.63,337
300773,29.02,242
300273,5.75,3135
300677,57.83,84
600585,40.3,360
600083,5.71,100
601007,5.72,217
600455,22.74,3
002125,11.39,427
600984,11.19,9
300951,89.95,31
003003,11.09,90
003018,11.05,140
300710,60.98,11
600681,5.53,43
002085,5.49,2812
300179,10.91,374
300684,21.94,11
688314,65.98,23
600018,5.47,4001
600249,5.45,24
601995,49.03,557
000930,10.86,2192
301096,85.9,40
000848,10.85,17
300479,16.16,69
600516,10.81,1626
600141,37.88,316
000969,10.71,1261
603214,21.25,13
600313,5.28,2265
601118,5.28,2774
002805,31.53,5
000712,15.75,81
002871,10.5,70
603871,20.8,272
002908,15.6,55
301113,46.29,28
603021,5.16,212
300826,20.62,30
002570,5.12,1997
300296,10.25,105
600171,25.65,674
002858,15.28,62
000828,10.18,101
002499,5.06,29
605189,25.18,151
002514,5.02,920
000725,5.04,40770
300066,5.02,1976
603869,10.02,434
600733,10.01,7293
601611,9.97,1324
605337,49.69,1
000421,4.94,509
002214,19.73,56
300347,127.69,4
600054,9.75,10
300189,4.79,2250
002162,4.77,414
601319,4.69,2757
000678,4.66,475
601890,9.28,1153
300245,9.22,162
600583,4.6,6198
601998,4.61,7618
000938,22.85,35
603169,9.11,154
001209,27.27,47
002855,9.08,208
600243,4.52,6697
003006,17.93,392
300908,54.2,18
002476,4.49,1068
300929,26.79,39
002225,4.47,2816
603308,22.3,79
600386,4.46,227
601169,4.44,1964
002158,26.62,1
605366,13.26,116
300636,26.36,219
000096,8.83,62
600223,13.25,235
002676,4.38,2
002329,4.39,970
600785,13.06,6
002519,4.38,2623
002502,4.34,3034
300152,4.32,657
300358,26.06,9
002998,8.6,160
300260,47.16,3
000599,4.26,7637
002849,12.79,39
601778,8.53,154
605058,25.46,24
603283,29.39,85
002050,25.3,465
002378,8.32,1655
002511,16.71,492
002032,62.22,1
002339,8.22,1516
000922,12.2,207
002923,24.51,274
600939,4.09,2281
600365,4.06,668
002722,16.18,45
603505,36.23,671
605098,56.33,18
688565,16.2,346
000672,20.07,405
603196,7.97,94
605188,7.99,167
688026,88.11,22
300633,31.91,10
601018,3.97,3824
600705,3.96,10154
000909,7.88,8
002846,7.86,378
002368,27.54,348
603396,123.0,57
600183,23.54,356
002196,11.68,351
688383,120.74,2
603477,15.49,83
600188,23.53,1531
300418,23.14,787
002421,3.86,1229
688060,73.25,129
688122,96.94,47
601618,3.83,17898
300920,34.09,14
600179,3.8,6764
603933,15.18,113
002506,3.8,27183
688607,37.91,5
300567,72.4,27
600320,3.77,4500
600109,11.33,2841
002905,7.53,892
002975,63.51,22
603067,11.04,516
600408,3.69,2422
300283,7.37,1208
603937,11.07,75
600808,3.69,4737
600070,7.32,128
000707,7.33,390
300043,3.63,851
300265,10.76,1155
002303,3.58,55
002266,7.12,103
300126,7.11,127
001210,35.49,20
300711,13.93,5
300448,7.03,229
002835,10.49,450
603816,77.16,261
002646,20.98,54
300290,6.96,1052
002217,3.48,4363
600166,3.44,9960
300913,27.37,49
600817,13.61,53
002857,17.03,173
300133,6.77,2257
688611,70.71,2
600749,10.1,95
688697,16.84,183
300019,20.16,68
300450,74.36,69
300720,13.42,281
300387,6.69,816
300169,6.68,262
300798,9.9,102
300046,23.26,53
601818,3.31,126673
430047,26.53,140
000627,3.3,2011
601878,13.17,496
601377,9.88,1198
601996,3.27,12225
600753,16.31,860
000016,6.55,273
600020,3.26,762
000506,3.2,3341
300330,9.56,275
002379,3.19,2958
300014,118.18,131
603696,9.57,170
603856,12.7,52
600241,9.38,169
603789,12.63,4139
601116,9.42,107
002376,9.43,876
600035,3.14,2822
300895,40.72,31
301188,24.6,68
601566,12.36,101
603012,6.17,935
000880,9.15,673
300625,15.19,19
600351,9.08,375
002310,2.98,735
300837,50.75,18
300853,41.5,691
300445,14.81,11
300713,20.45,212
002163,11.75,880
600872,37.96,133
601288,2.93,831933
600114,11.74,206
600989,17.36,1015
688113,60.99,10
600776,11.5,200
002642,5.72,400
000062,17.22,313
002041,25.79,154
300188,17.18,74
603421,8.51,212
600796,5.65,433
300802,39.57,17
601456,13.96,1108
300637,8.31,365
600462,2.75,20
300564,21.95,79
603060,19.28,200
603587,19.16,47
002471,2.74,7196
002114,8.18,1063
300109,21.8,1689
688685,27.26,1
301030,32.33,33
600232,5.41,1055
603986,175.8,42
300606,18.92,96
002148,5.39,557
300921,21.55,79
300882,18.81,8
603032,80.26,3
002632,7.98,444
000661,271.4,6
300499,15.78,25
605055,7.89,159
300408,44.59,3
000619,5.28,60
600507,7.8,5659
601003,5.22,1728
603767,7.82,204
000676,7.77,684
300599,10.36,127
688772,48.64,19
300473,23.16,196
688131,248.68,2
300495,2.57,1608
000612,7.71,1182
300932,38.06,5
603919,38.61,456
603133,10.17,454
601658,5.09,28474
300194,5.12,1402
300991,32.9,13
300511,7.58,92
002624,20.3,146
300478,10.05,186
600428,5.04,1040
600155,9.96,1412
600268,10.03,1237
002606,9.99,1123
603899,64.51,7
601702,12.32,283
300360,12.34,41
300167,4.93,175
001208,14.83,891
301051,120.15,2
600433,4.9,2153
300832,44.05,55
002160,4.87,2186
688079,14.65,86
002557,61.21,1
003019,29.23,326
000547,16.7,5560
300653,66.73,1
300730,16.55,358
002760,26.12,220
002289,7.08,341
871642,18.49,15
300638,54.48,24
300976,82.53,5
002241,54.09,399
000971,2.35,1908
600303,4.69,602
600287,4.68,129
605228,9.27,460
300580,25.54,82
300367,2.32,780
300716,9.22,6
601633,48.54,70
002786,6.76,1045
300740,15.89,75
603810,13.6,100
002612,31.71,646
688786,56.61,9
688012,126.59,77
300698,27.21,8
300327,67.87,20
300780,15.73,288
300816,51.51,11
300051,4.48,412
688681,20.14,23
000519,26.67,156
603320,13.2,40
002955,21.82,13
002159,10.92,52
000099,8.65,1120
002698,13.04,37
002478,4.33,1060
000831,39.01,383
300783,38.97,105
603313,17.3,26
002229,6.42,360
603121,10.73,7
300211,12.79,72
002031,2.11,10979
002662,4.25,4033
601233,21.17,434
003025,33.59,37
600199,16.91,826
600352,12.63,629
600798,4.18,1393
002866,12.56,124
002203,12.43,256
300622,23.06,143
600233,16.61,9
301126,22.69,238
688083,348.23,6
300107,6.17,241
000100,6.16,30994
300688,32.67,107
603559,12.31,96
300053,10.16,322
000550,16.3,176
002799,12.12,63
002164,6.05,52
603568,36.53,940
603929,12.15,78
002322,11.98,143
300476,30.25,39
300303,6.03,4029
300215,10.03,837
002231,6.02,17
600995,19.87,9
688468,17.92,10
002047,3.95,9835
600918,9.96,1357
002270,9.91,1594
300307,7.87,145
002492,5.95,215
605086,23.62,6
000929,9.81,35
300767,104.33,6
603220,15.79,224
300471,25.43,764
300565,11.75,212
300405,9.8,22
002971,23.54,52
002607,7.85,621
001215,58.2,41
300196,17.53,24
300877,25.41,209
600712,3.88,2457
002649,11.67,361
000823,13.62,542
603931,33.0,127
002188,3.88,387
603496,15.49,38
300769,491.16,6
300609,17.43,14
605398,38.47,3
003023,26.93,7
301002,53.79,1
002685,3.81,399
603267,179.42,1
600730,5.71,113
600366,13.21,524
300038,1.91,3180
000796,7.62,631
000430,5.68,1207
301011,60.2,3
600076,3.79,691
603393,24.63,58
002983,22.65,36
600605,9.44,195
688728,30.17,105
300414,11.29,1
002596,3.77,1517
300561,11.3,227
000949,5.61,3751
000628,11.12,121
300760,380.15,2
600316,39.06,178
600725,3.71,44
002414,24.21,58
601179,5.55,11640
300221,7.33,278
002095,16.48,581
000937,5.51,491
603390,9.17,179
002219,3.65,1691
002628,3.6,3194
000889,3.61,5874
688356,336.3,3
688016,248.74,102
603500,9.02,89
300460,19.95,112
300628,81.45,10
002048,21.62,355
300791,41.7,497
600170,3.59,7609
601698,14.39,1083
301062,18.02,41
002678,7.19,1250
300607,16.0,330
301079,31.75,104
300694,10.64,7
300064,1.77,8246
002333,5.26,1119
301085,33.34,6
002751,22.89,582
600593,12.24,10
300963,24.34,16
603822,41.59,28
600125,5.16,160
003005,31.0,54
300959,48.11,35
003012,13.72,376
603301,51.36,64
000520,3.43,1280
300345,5.14,995
002843,10.2,35
000820,3.38,1070
300801,21.96,10
002161,5.08,743
600699,21.97,686
600578,3.36,1749
300141,13.39,2189
002774,8.39,133
002527,8.35,1428
002353,40.0,166
300044,3.31,834
002513,4.98,807
000878,13.37,809
600548,9.98,8
603583,49.62,25
000983,8.27,825
002128,14.85,362
600876,36.88,37
300415,21.23,6
002027,8.19,928
600814,6.52,70
003007,18.0,50
002382,16.29,1347
603033,25.86,62
003032,20.99,59
601727,4.85,2431
002442,6.44,1450
002467,4.81,8788
000609,4.83,50
300884,19.22,13
600372,22.38,114
002729,46.62,5
300739,19.31,382
002748,11.24,12
600406,40.03,27
300745,64.18,59
601231,16.06,155
002443,7.91,45
300241,7.96,800
300629,28.58,80
300032,6.31,492
002920,141.51,4
300770,59.99,6
000516,11.03,128
603838,7.81,207
300124,68.6,1
688678,32.75,76
300077,24.98,702
600685,23.32,27
300424,15.64,17
301186,44.84,17
600740,6.2,4616
002387,9.28,985
001206,46.39,21
600298,60.36,4
605358,120.01,10
002895,24.67,16
603489,225.59,1
603048,29.0,73
600620,9.22,1405
300695,61.44,28
688601,151.77,7
300836,35.07,1
603236,203.9,8
300319,15.29,1915
603626,12.09,405
002468,9.09,625
601799,204.24,1
605183,19.64,28
002059,6.01,609
600859,26.99,22
300632,14.87,373
002848,8.92,200
688059,158.7,2
002369,7.43,1164
601388,4.44,4467
000901,10.33,2246
603969,4.43,1577
300276,4.38,2440
600234,10.22,61
003002,11.75,116
603580,11.73,70
300785,71.74,3
000686,8.77,886
688230,142.88,31
001696,7.27,9
603569,7.22,603
300563,14.47,686
688510,29.07,140
600397,2.88,4111
688226,15.89,130
605100,25.85,44
603040,20.15,18
300486,11.43,142
300706,27.25,155
000959,5.73,1110
300616,42.88,144
600641,32.91,10
603758,8.52,123
000668,15.86,52
603861,11.34,387
301009,18.45,201
600997,7.12,1768
600393,1.42,18148
000811,15.38,350
605167,9.85,64
000836,2.82,3517
300825,28.01,114
300701,18.07,137
600830,5.56,516
605089,94.85,3
000004,19.41,135
603155,54.11,26
600722,6.89,519
000822,6.94,2644
002877,6.92,380
003035,8.29,2212
603180,38.5,18
688268,89.81,22
002361,5.49,1470
603326,9.66,68
600590,8.27,813
603037,20.73,20
002636,15.05,3261
300489,24.47,77
601226,6.78,441
000801,9.58,93
600780,4.08,1313
300435,23.4,16
300449,8.11,446
002823,10.88,162
600718,13.55,623
603836,26.25,51
002364,9.52,235
300469,14.84,94
300166,10.79,1973
002943,55.95,39
600555,1.34,7939
002272,6.72,2280
002112,8.1,45
600821,9.49,121
300142,56.2,701
002659,4.02,235
000568,253.86,6
603345,170.78,43
300417,12.11,74
300200,9.36,423
600827,13.32,1010
002055,14.61,84
600419,13.23,24
601011,5.29,2535
300686,14.56,61
603982,47.0,1131
600354,6.59,1327
003029,21.04,40
300122,124.59,6
300946,74.69,5
002074,51.2,4
603927,27.35,667
688363,155.3,45
601008,3.85,4150
603331,12.82,92
002791,181.42,1
300643,12.89,16
600660,47.13,57
300812,21.62,222
000860,38.17,57
600758,3.8,1364
002703,6.32,1831
300134,12.63,841
300536,21.56,70
600095,10.12,696
300663,21.2,1234
300753,20.29,105
000905,7.51,169
603511,23.72,82
300922,36.4,11
300712,54.84,20
600845,60.83,42
600618,12.41,1270
601777,6.18,3872
600581,6.2,11884
688700,68.1,29
601101,7.4,852
600110,15.95,682
688077,77.19,108
600601,2.43,5437
300900,34.34,2
000903,3.64,1180
003001,20.57,28
002002,6.05,9288
002801,20.49,21
300481,24.13,43
002089,2.39,4023
600662,7.15,909
002012,5.94,2229
002652,3.59,88
300168,13.02,8
000863,3.53,285
688246,36.55,5
600226,2.34,5249
605056,18.78,144
300494,19.9,284
300543,14.0,159
600239,2.31,116
000757,4.63,71
300289,8.07,16
300516,35.86,83
002708,6.98,467
603776,20.73,66
688003,38.02,28
300514,12.66,500
300838,18.26,36
300031,27.55,212
301028,13.77,219
300150,4.57,252
603713,134.78,14
002896,23.92,147
605319,16.96,418
000933,9.09,116
603332,16.85,58
000739,35.02,1
000809,3.37,1825
002707,5.64,697
688360,32.59,64
000990,15.82,1607
002441,10.19,300
000733,124.22,39
601598,4.48,6558
300623,31.46,175
003008,31.28,110
688015,36.8,61
301008,43.25,86
300547,14.81,154
600735,6.64,336
603686,14.36,4288
600560,9.86,500
000695,10.94,45
603020,14.22,115
603557,5.4,662
000036,4.34,1618
603992,19.6,46
688232,43.44,7
002617,15.2,655
688630,71.03,88
002967,27.08,21
301092,38.81,267
600348,11.85,814
600580,18.29,21
300250,12.82,636
603111,5.35,285
301042,45.76,4
688050,210.2,4
000963,40.19,2
603090,22.24,38
603633,15.89,5
300002,6.32,3761
300725,142.17,15
300458,63.28,74
002655,17.87,94
601898,6.29,4353
000729,8.46,405
000411,14.65,241
300597,9.43,92
605303,15.64,118
300527,10.34,975
000576,12.42,500
603319,25.71,7
688037,168.74,3
000030,7.42,17
300907,29.71,105
600760,68.04,22
600152,8.22,650
603189,20.56,1588
300342,13.31,3067
600466,2.04,16575
688378,80.07,10
688285,10.17,251
603855,25.28,2
600836,6.07,613
000069,7.03,182
601238,15.19,152
300978,18.06,98
002025,83.95,124
000825,7.04,278
002013,18.17,161
002562,4.99,1033
300735,15.06,260
301007,19.92,13
600031,22.8,1042
688090,31.83,314
600988,14.9,155
002800,14.87,14
002139,18.69,81
300258,12.8,141
300381,11.86,180
002863,5.89,966
300328,7.85,324
002134,9.77,107
300442,42.85,35
301099,92.35,41
600490,4.86,3190
688589,72.47,20
000856,7.74,333
300336,3.86,3488
603558,11.74,5
002563,7.72,672
603183,5.78,303
301010,23.97,49
688665,179.22,9
603386,20.95,63
000526,18.99,178
300400,22.9,20
300454,190.82,1
603607,16.2,32
002280,4.73,1335
002870,37.96,44
000066,14.15,788
300024,11.16,1884
600400,3.77,3665
300441,11.28,198
300557,30.91,52
301128,51.24,5
600486,131.16,2
002436,13.99,455
603268,24.22,15
603608,6.52,3
688023,249.84,4
600853,2.77,2280
300125,16.61,161
603339,13.73,288
600870,4.58,90
002972,19.28,19
688286,92.56,27
600546,8.21,8955
688798,216.0,34
603637,10.1,813
002587,5.44,1151
601918,4.54,4157
002861,12.7,25
300311,8.17,912
002532,8.15,324
600706,7.22,250
688567,33.62,73
600395,7.27,445
300071,2.69,1100
600559,27.93,5
605318,15.24,130
601518,2.69,596
002165,6.29,1627
300852,58.42,2
600875,21.42,878
300697,12.57,46
300700,14.26,30
000687,1.79,1748
300493,7.97,410
300281,6.18,152
600609,5.33,198
300708,18.41,549
600178,8.79,55
002819,33.25,3
603757,18.28,49
002790,9.45,137
603306,33.93,60
301065,52.82,76
601600,6.09,6847
001213,6.06,4983
002291,19.96,231
603324,58.66,49
300721,50.09,88
600540,6.01,6208
600869,6.88,642
600695,5.1,252
002420,8.61,29
688087,94.46,5
601010,3.46,1133
000753,3.45,4244
300680,30.43,5
301193,31.84,208
002402,27.42,43
002781,6.93,174
002484,27.32,1
300491,19.69,37
603988,16.26,293
002003,12.82,34
603050,17.99,131
300814,24.73,10
002779,17.0,17
300397,15.29,77
002363,5.9,1089
300966,41.02,28
688550,99.16,4
600381,8.43,30
000928,9.29,334
300656,53.15,37
300076,5.91,791
300750,588.0,180
002806,14.95,90
000610,8.27,390
300981,79.94,6
688311,75.0,6
688682,162.45,18
300483,17.28,628
300905,25.48,518
300560,13.92,13
600310,5.74,1797
600571,12.23,879
000400,26.09,154
300691,23.52,78
000799,212.46,5
300396,17.9,25
000935,24.29,453
001207,21.87,24
603023,4.82,1419
000713,9.7,1128
000721,4.02,3430
300675,16.81,15
600575,2.39,10303
603466,27.2,235
003041,24.88,2
300037,113.0,5
301087,78.91,36
300901,12.69,41
600163,8.76,2716
002709,114.65,275
300982,73.4,2
002569,7.98,97
301078,16.62,283
688690,79.82,130
000416,3.93,1349
688185,299.53,11
300226,40.65,2
603801,30.4,2
301026,63.86,2
688597,22.46,62
300402,27.2,175
002828,8.57,77
605018,18.88,591
000985,13.89,2
002669,16.34,444
300340,19.41,253
300741,47.85,56
002633,8.47,151
688551,57.68,2
300065,15.26,1510
603617,12.27,75
600260,3.1,3111
002427,5.33,412
603197,58.36,3
300589,23.68,344
605255,16.73,265
600531,6.03,2046
002469,6.77,98
603527,12.02,77
600009,46.69,151
300329,9.71,151
688107,71.7,331
600399,24.76,507
300998,33.3,47
002892,32.5,164
300896,536.11,13
300687,29.09,10
603991,41.4,10
603378,25.73,264
002440,9.59,192
300375,4.41,3230
603813,16.86,27
605186,36.25,6
300927,33.88,29
300863,89.61,34
002813,25.62,124
002913,78.42,103
600482,19.7,402
002691,5.05,826
300263,10.2,1104
000159,6.53,667
836077,57.35,23
002138,38.18,103
688021,52.86,3
003000,10.8,167
600779,119.96,1
600191,3.58,745
603733,40.8,21
603329,14.94,1128
603533,25.51,924
300068,14.16,302
002986,35.95,6
688248,23.1,28
600053,15.6,88
600550,5.58,2940
002222,18.93,249
002150,6.3,211
001965,7.66,557
300322,13.87,236
300671,81.03,18
603161,14.6,1103
300228,9.66,1778
600426,31.29,104
600312,9.08,1632
600543,6.96,68
002717,3.44,4311
688536,767.0,1
002389,27.79,202
002656,2.77,7201
000552,3.45,3677
002888,13.09,387
300240,8.18,5
002937,20.15,30
605218,16.33,6268
603956,17.8,1294
002692,3.4,91
603195,167.22,2
600539,8.11,278
688345,59.6,13
601001,9.6,2100
300092,12.88,216
605138,12.08,735
300069,23.01,3
605333,20.68,273
300619,87.17,5
300870,83.76,0
300365,10.75,8
002342,4.71,2526
603829,12.13,35
300709,59.95,15
300309,3.32,9511
000981,3.35,4783
600577,7.43,1284
603085,7.96,127
301069,48.77,30
300617,71.71,9
000755,4.61,16
002996,14.63,95
002553,10.7,220
688418,15.18,128
002689,3.28,1467
300800,28.98,37
002006,26.88,147
300286,33.18,5
000420,5.26,1934
002346,19.16,28
002762,11.1,2688
000682,8.47,196
603900,7.8,18
600356,7.8,1668
002263,3.91,910
000850,4.55,1139
688093,37.27,30
002343,5.79,44
000570,5.84,647
603997,16.08,704
603717,12.77,241
300366,12.12,1157
300805,13.95,141
300848,31.66,120
600301,12.65,243
300658,10.83,276
603922,21.24,2
300500,23.47,6
300437,26.56,304
603178,14.67,6
301071,286.7,14
600576,5.02,1644
600228,6.92,568
002243,11.28,99
603259,118.57,6
300513,13.11,2
600844,3.71,1548
002350,8.63,2574
603360,13.0,7
688533,55.87,11
603499,9.2,184
605598,15.93,188
300299,6.61,73
300550,12.85,53
835368,102.3,129
002592,7.29,57
002470,3.0,23814
002812,250.39,7
002274,12.66,2645
603078,26.57,127
600387,7.24,340
301020,30.95,44
002530,6.6,3927
600967,11.95,1567
605123,137.14,2
300272,7.19,461
603639,25.11,132
002028,49.2,40
300869,40.54,5
002301,8.36,1045
600519,2049.99,11
002189,22.14,21
603968,18.68,15
601985,8.29,7695
300833,81.02,3
300865,28.75,11
000962,11.78,578
600501,14.04,2384
000807,11.16,3161
300421,21.91,49
300206,14.08,165
600192,5.84,2357
600600,98.99,25
600281,5.78,678
002847,85.6,87
600229,7.5,256
603970,26.05,65
603335,6.31,699
600926,12.8,72
002735,20.2,65
000852,6.89,303
603825,29.16,140
301190,30.19,204
603808,14.55,7
300748,44.89,24
300986,64.01,15
600854,6.16,388
002247,2.84,3643
300566,28.42,79
300747,59.11,405
002094,4.51,889
688595,123.5,2
000688,13.97,1342
001211,31.73,1
301013,25.7,148
000338,17.89,3465
300672,185.21,1
600237,9.44,485
600668,18.27,29
600764,40.66,324
688385,50.3,3
002355,6.11,160
002949,18.29,504
600217,7.57,249
002878,19.69,42
600530,4.4,781
688066,72.7,139
002103,4.91,895
002808,8.19,427
600892,4.36,4
301213,64.5,9
300157,4.91,315
000887,21.81,109
002358,3.29,1674
301178,65.46,21
002258,33.73,242
301061,78.6,6
600742,11.96,224
300058,10.73,3292
832735,25.35,77
002859,37.2,5
002932,74.0,6
603223,34.36,15
603517,68.33,23
300987,38.8,188
300300,4.74,2222
002822,5.82,82
603071,25.26,1240
001288,17.81,890
600091,2.63,167
603348,58.41,29
600099,8.47,752
002490,5.7,2030
600745,129.29,22
605287,28.62,28
002534,31.69,59
001267,7.26,3109
002338,23.61,366
603089,9.3,112
002551,5.69,1452
600213,8.24,927
603908,41.5,127
601515,8.13,642
603369,54.39,13
003010,22.35,45
300013,4.57,340
300447,22.46,3
600478,7.12,227
002269,2.53,19766
688639,129.22,2
600452,20.13,64
300969,100.08,32
605289,40.09,1
002345,5.51,1153
000918,2.48,13730
688310,46.08,11
002046,14.85,51
002253,17.84,492
301029,92.0,2
002621,3.96,469
002357,6.32,1147
603589,70.85,16
605198,19.8,10
000858,222.5,2
002565,6.81,24130
688298,230.5,305
603192,54.86,28
603650,50.31,13
300990,127.75,12
300806,59.0,573
300759,141.27,12
600172,10.16,975
300707,20.44,36
600418,17.39,68
002947,36.89,30
601700,6.15,4499
688227,32.08,66
000566,5.25,3351
600180,7.14,603
688328,43.28,33
300556,29.39,497
300308,42.48,32
300755,50.08,11
600038,80.3,62
000717,4.75,228
603219,19.79,20
300994,47.62,281
605288,64.54,5
603877,27.88,45
002811,8.97,95
301022,46.37,9
002304,164.73,69
300022,5.11,2407
300264,10.18,3640
300010,4.19,2293
300601,98.51,6
688191,22.1,134
600809,315.77,2
603667,17.4,352
600197,27.12,116
300151,40.51,141
603005,55.06,14
603729,12.86,225
300595,57.36,23
603486,150.95,21
601208,17.35,43
600990,56.17,20
688105,105.63,4
002641,5.48,178
600421,9.58,126
603768,16.74,134
300693,36.69,63
300159,4.54,13293
603860,22.19,4
688323,38.52,20
300655,41.77,99
603880,7.16,248
600532,18.46,101
603031,50.0,6
603025,26.39,53
002172,4.02,1830
836239,132.05,52
603022,12.4,244
300287,6.13,4021
002249,8.78,7052
601678,7.96,1164
002647,9.65,2760
688367,24.97,24
603703,23.22,477
600405,7.82,3234
688319,35.8,5
300571,58.56,36
000967,7.33,289
300850,178.5,23
688080,87.6,2
002852,16.74,144
300314,13.59,264
002803,21.23,973
300926,23.79,108
300702,48.35,166
300130,14.67,254
600682,11.76,1153
002292,6.33,145
600131,21.84,71
000001,16.48,1353
300504,19.34,49
603309,15.83,65
002308,4.61,603
002664,19.84,78
600615,8.69,12
300661,308.9,2
300782,326.8,14
301012,50.63,9
300620,51.51,83
300096,8.98,1126
300540,31.45,80
002686,6.52,1004
002929,36.14,54
001202,18.63,179
603286,19.16,78
603358,20.27,7
688600,21.4,5
002101,11.77,906
603035,17.72,116
600935,7.64,1050
300945,21.03,235
300807,27.6,75
300645,22.74,10
300466,7.13,324
603766,5.5,1362
300496,138.42,21
600331,3.19,8733
600391,27.99,531
002671,4.74,83
688017,174.31,3
605399,39.7,14
600860,19.69,160
002725,10.49,400
600855,17.38,285
300462,13.2,62
300191,25.76,224
002297,10.13,675
300455,10.86,95
300612,26.8,352
002706,17.82,19
603006,10.87,372
600850,34.13,3
603897,49.83,20
300844,70.52,21
601689,52.9,340
300338,6.73,734
300045,11.62,341
300030,10.64,512
603755,57.0,94
300416,33.95,117
605050,14.22,543
603598,10.79,546
300928,52.8,5
000596,244.0,14
688662,42.5,4
688301,496.01,32
002990,34.5,649
603721,15.58,5
600552,11.71,954
603303,17.15,647
300600,11.04,232
002721,3.27,580
688606,123.01,125
002712,5.04,526
000403,28.03,568
600763,198.99,79
300793,21.18,42
603655,21.84,111
300592,18.7,12
603222,18.39,280
300212,35.34,8
002273,17.38,454
603890,13.21,50
688065,184.28,1
000915,30.46,7
000150,4.14,880
002464,4.84,727
300341,11.64,222
603127,115.43,10
002063,9.94,242
300640,7.1,272
002544,23.72,1
300973,132.08,8
002635,17.03,641
688529,30.59,2
603693,28.45,156
600882,55.98,10
002043,12.08,54
002096,12.81,903
002997,17.55,95
002549,17.05,26
688112,97.81,44
300209,7.93,707
300847,17.21,13
300860,84.76,179
603266,13.43,26
688056,64.0,5
300811,98.28,4
603278,12.04,197
872925,25.3,164
002970,41.15,86
603779,8.14,626
000756,11.18,964
605108,18.3,151
002850,159.99,3
603216,25.29,203
603213,23.16,39
000795,8.55,6829
603290,380.96,2
300423,14.51,27
600396,3.4,16861
600379,16.21,120
300015,42.27,276
301129,84.59,2
600148,17.52,361
300436,48.03,44
600318,12.39,27
300893,38.3,33
688029,212.67,0
603786,80.28,4
301089,80.4,5
002017,15.16,178
002568,59.83,8
603949,22.9,2693
603893,136.9,21
301072,38.05,40
603351,39.16,41
300902,41.21,15
300588,13.4,422
603716,14.39,37
002886,30.84,284
605577,14.67,35
603355,29.31,45
600021,12.82,2378
600469,4.99,518
002082,14.79,468
300220,18.95,251
603738,59.29,1
002961,24.64,4
603536,10.76,341
603819,14.73,36
605007,23.01,9
002906,54.92,4
836433,11.38,2
003036,12.38,273
605589,38.3,17
300845,25.0,15
002775,4.32,2580
002091,13.73,611
000514,3.96,460
603728,23.7,185
300957,192.28,16
688206,36.68,103
000595,3.19,1266
300624,55.11,29
605090,35.12,1
300683,59.56,329
603456,56.25,18
603996,2.05,2384
300363,89.45,95
300603,10.62,1473
301211,37.6,225
300949,70.37,4
300786,42.85,10
600093,2.51,5784
688236,27.39,93
002648,40.03,78
600235,6.23,2857
688239,68.16,9
300428,26.3,149
601798,8.88,221
600120,4.42,751
688689,41.81,139
002480,7.1,10669
605111,178.07,2
603113,16.29,288
002640,3.12,13339
300171,50.54,112
600698,5.22,5856
000543,5.55,1847
002049,225.0,935
688800,139.2,2
002599,7.65,83
688068,116.15,87
688265,70.03,12
002584,10.6,3132
300467,16.63,104
301060,34.73,476
002821,434.99,1
002919,39.35,2
300474,152.19,76
300828,26.27,46
600652,2.74,1641
300254,8.69,841
300578,29.65,173
600856,-,-
603520,64.0,2
600291,-,-
000537,24.1,12
603115,26.2,412
002494,4.4,1439
603093,13.57,227
605128,44.7,11
002684,-,-
301118,62.04,104
300866,102.12,2
688075,143.2,15
600078,-,-
300344,8.1,1918
000564,-,-
832566,18.46,22
600071,51.46,322
000571,2.6,899
600132,151.32,16
688078,58.2,4
000633,5.92,40
600992,9.9,751
688711,123.91,17
601107,5.38,12947
002881,42.88,9
300587,19.97,706
300373,67.18,17
600807,4.09,874
603918,9.1,987
300165,7.95,4009
601108,11.12,5246
300831,19.74,19
300247,4.61,2147
300562,16.47,728
603595,36.93,286
688195,32.48,15
300985,49.02,255
601869,32.72,72
600770,7.98,761
300703,11.39,43
300659,45.34,223
300681,102.12,1
002883,12.28,736
600335,8.68,708
300331,33.32,50
300650,31.22,28
600206,16.38,1189
301138,58.89,2
603297,121.07,120
688162,98.94,8
002682,5.79,5954
002178,5.27,2826
000723,16.22,5451
300056,6.68,5
600106,4.5,1116
002265,-,-
301189,60.02,189
002173,8.34,591
688575,34.55,2
300086,8.68,5247
600184,16.03,127
603803,7.92,1217
002699,6.43,11755
600927,-,-
000838,7.18,953
603011,8.13,7649
600866,-,-
000812,-,-
002232,-,-
003038,-,-
001317,-,-
002432,49.55,258
301166,102.91,1
301127,20.17,1497
300093,37.89,20
