,kaipan_price,kaipan_money
sh600000,10.88,3650000.0
sh600004,13.64,2351536.0
sh600006,6.28,1181268.0
sh600007,12.19,9752.0
sh600008,2.99,746005.0
sh600009,60.31,10885955.0
sh600010,1.75,46433800.0
sh600011,4.5,3639600.0
sh600012,6.5,1090000.0
sh600015,6.58,2980000.0
sh600016,5.26,1479112.0
sh600017,2.83,197251.0
sh600018,4.93,2193850.0
sh600019,9.2,43438719.99999999
sh600020,3.3,40920.0
sh600021,8.0,2096800.0
sh600022,1.61,4168290.0
sh600023,3.64,6573112.0
sh600025,5.86,38990000.0
sh600026,6.61,278942.0
sh600027,3.47,4229583.0
sh600028,4.47,5607614.999999999
sh600029,6.51,4340000.0
sh600030,23.55,9582495.0
sh600031,37.47,12530000.0
sh600033,2.65,124284.99999999999
sh600035,2.8,208600.0
sh600036,52.98,13568178.0
sh600037,8.59,115106.0
sh600038,45.07,800000.0
sh600039,5.84,2720000.0
sh600048,15.24,11707368.0
sh600050,4.47,5294268.0
sh600051,8.27,17367.0
sh600052,2.74,51786.0
sh600053,15.9,82680.0
sh600054,11.22,1601094.0
sh600055,12.1,248050.0
sh600056,13.61,140000.0
sh600057,6.03,795960.0
sh600058,7.98,309624.0
sh600059,11.46,616548.0
sh600060,11.85,1066500.0
sh600061,12.09,2460000.0
sh600062,11.48,564816.0
sh600063,4.48,572992.0000000001
sh600064,10.2,1190000.0
sh600066,15.89,467166.0
sh600067,3.36,52416.0
sh600068,7.02,2287818.0
sh600070,6.91,18657.0
sh600071,13.96,110000.0
sh600072,11.12,146784.0
sh600073,8.64,322272.0
sh600075,7.53,11895141.0
sh600076,3.88,335232.0
sh600077,2.66,330372.0
sh600078,3.64,432432.0
sh600079,26.51,633589.0
sh600080,5.49,549.0
sh600081,11.76,344568.0
sh600082,2.86,64922.0
sh600083,6.06,41208.0
sh600084,2.53,60000.0
sh600085,25.75,1684050.0
sh600086,0.16,0.0
sh600088,9.64,71336.0
sh600089,11.2,12100000.0
sh600090,1.58,427390.00000000006
sh600091,1.73,0.0
sh600093,7.81,199936.0
sh600094,4.03,310310.00000000006
sh600095,8.68,1434804.0
sh600096,7.81,2057153.9999999998
sh600097,9.2,82799.99999999999
sh600098,6.2,1356560.0
sh600099,6.05,7259.999999999999
sh600100,5.9,30680.0
sh600101,5.65,546355.0
sh600103,2.2,1126400.0
sh600104,20.23,2977856.0
sh600105,3.23,123385.99999999999
sh600106,2.65,130000.0
sh600107,8.28,200000.0
sh600108,2.8,116480.0
sh600109,13.1,75300000.0
sh600110,7.97,150000.0
sh600111,21.75,35139300.0
sh600112,1.38,842903.9999999999
sh600113,6.05,6050.0
sh600114,8.37,102951.0
sh600115,5.08,806704.0
sh600116,9.54,1797335.9999999998
sh600117,3.96,1431540.0
sh600118,29.45,200000.0
sh600119,6.89,0.0
sh600120,5.64,135924.0
sh600121,7.01,17920000.0
sh600122,1.12,458752.00000000006
sh600123,5.37,543444.0
sh600125,5.36,99696.0
sh600126,6.0,11710000.0
sh600127,8.9,206480.00000000003
sh600128,6.08,118559.99999999999
sh600129,13.36,40079.99999999999
sh600130,3.28,4591.999999999999
sh600131,15.35,663120.0
sh600132,94.9,531440.0
sh600133,5.84,234767.99999999997
sh600135,5.86,35160.0
sh600136,5.85,177255.0
sh600137,12.77,10000.0
sh600138,12.47,3173615.0
sh600139,2.96,60000.0
sh600141,14.29,3728261.0
sh600143,23.03,9030000.0
sh600145,1.34,150080.00000000003
sh600146,1.5,2490000.0
sh600148,13.0,282100.0
sh600149,4.79,29698.0
sh600150,15.05,174580.00000000003
sh600151,9.07,360986.0
sh600152,6.72,47712.0
sh600153,8.17,712424.0
sh600155,10.48,370000.0
sh600156,3.79,1025574.0
sh600157,1.41,2842560.0
sh600158,10.9,664900.0
sh600159,2.41,101220.0
sh600160,9.17,1784482.0
sh600161,31.95,1270000.0
sh600162,1.84,116656.0
sh600163,4.9,3174710.0
sh600165,5.94,102762.00000000001
sh600166,3.94,17890000.0
sh600167,11.16,496620.0
sh600168,6.79,260057.00000000003
sh600169,2.68,9183556.000000002
sh600170,2.99,239798.0
sh600171,13.91,616213.0
sh600172,3.34,44422.0
sh600173,4.37,22287.0
sh600176,21.98,4288298.0
sh600177,8.05,639975.0000000001
sh600178,7.18,685690.0
sh600179,4.1,68470.0
sh600180,5.32,180000.0
sh600182,15.05,50000.0
sh600183,24.4,1971519.9999999998
sh600184,10.13,182340.0
sh600185,5.69,1990000.0
sh600186,2.58,1280000.0
sh600187,2.3,185149.99999999997
sh600188,13.01,11730000.0
sh600189,12.4,7960000.0
sh600190,2.94,14112.0
sh600191,3.94,580756.0
sh600192,4.2,427980.0
sh600193,5.67,37422.0
sh600195,12.35,418664.99999999994
sh600196,39.81,4717485.000000001
sh600197,18.45,514755.0
sh600198,6.6,406560.0
sh600199,12.6,1930000.0
sh600200,4.86,51516.00000000001
sh600201,20.16,508032.0
sh600202,3.75,8250.0
sh600203,7.84,47040.0
sh600206,12.12,400000.0
sh600207,5.71,65665.0
sh600208,3.12,526968.0
sh600209,3.81,5715.0
sh600210,4.75,414200.0
sh600211,46.4,556800.0
sh600212,4.2,10140000.0
sh600213,6.36,265848.0
sh600215,5.51,13224.0
sh600216,15.73,2010294.0000000002
sh600217,5.73,3293604.0
sh600218,8.77,85069.0
sh600219,4.04,5451576.0
sh600220,2.34,228617.99999999997
sh600221,1.34,680000.0
sh600222,5.56,359732.0
sh600223,11.05,1612195.0
sh600225,1.71,3933.0
sh600226,2.55,2087175.0
sh600227,2.92,343392.0
sh600228,11.15,40000.0
sh600229,6.18,40000.0
sh600230,13.0,709800.0
sh600231,2.78,2607640.0
sh600232,5.1,29579.999999999996
sh600233,11.24,233792.0
sh600234,9.45,0.0
sh600235,5.71,340316.0
sh600236,5.36,19012456.0
sh600237,5.09,871408.0
sh600238,8.08,128472.0
sh600239,2.31,204666.0
sh600241,2.92,29492.0
sh600242,2.57,330000.0
sh600243,3.02,2114.0
sh600246,6.66,33300.0
sh600247,0.65,0.0
sh600248,4.25,493425.0
sh600249,5.0,84000.0
sh600250,4.8,32159.999999999996
sh600251,6.13,255621.0
sh600252,2.81,29786.0
sh600255,2.54,0.0
sh600256,3.12,9897264.0
sh600257,4.73,351912.00000000006
sh600258,25.5,1860000.0
sh600259,41.26,6783144.0
sh600260,8.63,98382.0
sh600261,3.89,357491.00000000006
sh600262,15.4,12320.0
sh600265,16.43,0.0
sh600266,4.78,304486.0
sh600267,15.64,609960.0
sh600268,6.7,640000.0
sh600269,3.5,38500.0
sh600271,10.99,61544.00000000001
sh600272,6.75,4725.0
sh600273,8.6,310000.0
sh600275,2.27,2270.0
sh600276,91.13,9696232.0
sh600277,3.22,1551396.0
sh600278,8.68,10000.0
sh600279,3.54,10974.0
sh600280,3.25,14950.0
sh600281,3.72,494760.00000000006
sh600282,3.74,6070000.0
sh600283,10.9,170000.0
sh600284,5.93,10674.0
sh600285,8.74,94392.0
sh600287,5.4,8640.0
sh600288,9.67,166324.0
sh600289,3.77,7917.0
sh600290,3.64,347984.0
sh600291,3.4,390000.0
sh600292,7.38,8550000.0
sh600293,2.25,39150.0
sh600295,23.36,15293791.999999998
sh600297,2.65,1419605.0
sh600298,51.11,843315.0
sh600299,13.63,260000.0
sh600300,3.75,225000.0
sh600301,6.38,638.0
sh600302,4.26,3833.9999999999995
sh600303,3.72,32736.0
sh600305,19.54,470913.99999999994
sh600306,5.27,21080.0
sh600307,2.26,102290000.0
sh600308,5.8,441380.0
sh600309,117.8,19150000.0
sh600310,4.24,1476792.0
sh600311,1.39,183896.99999999997
sh600312,6.83,188508.0
sh600313,5.02,370000.0
sh600315,44.41,244254.99999999997
sh600316,34.08,1278000.0
sh600317,2.6,0.0
sh600318,7.7,316470.0
sh600319,4.86,486.00000000000006
sh600320,3.44,1136920.0
sh600321,1.99,102087.0
sh600322,2.06,80000.0
sh600323,26.52,1617720.0
sh600325,6.17,422028.0
sh600326,7.26,970661.9999999999
sh600327,4.13,30000.0
sh600328,8.64,2490000.0
sh600329,18.1,106790.00000000001
sh600330,9.27,139050.0
sh600331,2.01,427929.0
sh600332,28.74,264408.0
sh600333,5.21,1156099.0
sh600335,4.84,323312.0
sh600336,6.64,836640.0
sh600337,5.88,102312.0
sh600338,10.36,1439004.0
sh600339,2.85,1100955.0
sh600340,6.99,5445909.0
sh600343,9.95,192035.0
sh600345,14.64,206424.00000000003
sh600346,36.19,5300000.0
sh600348,5.09,867844.9999999999
sh600350,6.48,920000.0
sh600351,4.72,12744.0
sh600352,15.6,3394560.0
sh600353,4.72,112808.0
sh600354,3.9,107250.0
sh600355,2.15,28809.999999999996
sh600356,7.64,443884.0
sh600358,3.23,3229.9999999999995
sh600359,7.5,172500.0
sh600360,6.46,604010.0
sh600361,3.85,70000.0
sh600362,27.15,30114780.0
sh600363,22.41,589383.0
sh600365,2.17,23870.0
sh600366,7.85,14194369.999999998
sh600367,7.57,558666.0
sh600368,3.55,123184.99999999999
sh600369,4.62,635250.0
sh600370,3.3,50490.0
sh600371,12.01,19216.0
sh600372,14.78,720000.0
sh600373,9.95,315414.99999999994
sh600375,7.51,210279.99999999997
sh600376,5.66,108672.0
sh600377,9.55,627435.0
sh600378,23.7,1100000.0
sh600379,6.9,431940.00000000006
sh600380,12.0,350000.0
sh600381,6.1,640000.0
sh600382,5.84,110959.99999999999
sh600383,12.41,1083393.0
sh600385,4.41,0.0
sh600386,3.35,6700.0
sh600387,6.15,41205.0
sh600388,9.45,2335094.9999999995
sh600389,20.3,36540.0
sh600390,6.37,340000.0
sh600391,18.37,58784.0
sh600392,16.99,20153537.999999996
sh600393,1.79,542907.0
sh600395,7.0,193200.0
sh600396,2.41,1112456.0000000002
sh600397,2.62,614914.0
sh600398,7.03,364154.0
sh600399,12.07,188292.0
sh600400,3.2,45120.00000000001
sh600403,3.91,1940000.0
sh600405,5.53,890883.0
sh600406,28.21,5160000.0
sh600408,3.23,3595312.9999999995
sh600409,11.52,1213056.0
sh600410,7.05,917204.9999999999
sh600415,4.96,557504.0
sh600416,18.55,237440.0
sh600418,9.21,2025279.0
sh600419,14.6,402960.0
sh600420,8.87,59429.0
sh600421,9.85,20000.0
sh600422,8.08,145440.0
sh600423,2.6,0.0
sh600425,3.97,8720000.0
sh600426,37.19,2112392.0
sh600428,4.13,661626.0
sh600429,4.34,56854.0
sh600433,5.75,1211525.0
sh600435,7.81,560000.0
sh600436,268.15,14077875.0
sh600438,33.0,15315300.0
sh600439,2.49,26394.0
sh600444,8.7,10440.0
sh600446,14.75,365800.0
sh600448,3.33,16650.0
sh600449,15.07,2623687.0
sh600452,18.88,3456928.0
sh600455,19.15,1914.9999999999998
sh600456,37.77,589212.0000000001
sh600458,8.11,562833.9999999999
sh600459,21.83,373293.0
sh600460,24.7,54060000.0
sh600461,6.43,145961.0
sh600462,2.35,0.0
sh600463,5.98,0.0
sh600466,4.36,917344.0
sh600467,2.65,1070000.0
sh600468,4.03,299026.0
sh600469,5.57,113628.0
sh600470,4.89,1333014.0
sh600475,14.0,23657200.0
sh600476,9.58,298896.0
sh600477,4.29,1780000.0
sh600478,4.05,496934.99999999994
sh600479,8.61,78351.0
sh600480,8.37,107972.99999999999
sh600481,5.4,9656820.000000002
sh600482,16.62,99720.0
sh600483,9.36,1760000.0
sh600485,1.39,0.0
sh600486,122.5,355250.0
sh600487,12.61,523314.99999999994
sh600488,5.02,230000.0
sh600489,8.63,4941538.0
sh600490,4.04,220000.0
sh600491,5.28,43296.0
sh600493,4.69,31892.0
sh600495,3.94,384544.0
sh600496,5.71,2043038.0
sh600497,5.19,1202004.0
sh600498,18.43,300409.0
sh600499,8.04,399587.99999999994
sh600500,5.21,64083.00000000001
sh600501,8.72,59296.0
sh600502,3.83,104942.0
sh600503,3.69,432099.0
sh600505,6.71,2149884.0
sh600506,7.87,182584.0
sh600507,8.05,5040000.0
sh600508,9.49,576043.0
sh600509,5.31,7910000.0
sh600510,6.61,226062.0
sh600511,34.66,450579.99999999994
sh600512,2.8,168840.0
sh600513,8.45,16054.999999999998
sh600515,7.97,412049.0
sh600516,9.4,30700000.0
sh600517,7.23,33300000.0
sh600518,2.17,371937.99999999994
sh600519,2050.0,214430000.0
sh600520,6.92,20760.0
sh600521,26.85,1482120.0
sh600522,11.36,933792.0
sh600523,15.35,204155.0
sh600525,5.43,62444.99999999999
sh600526,4.41,424242.0
sh600527,2.6,80000.0
sh600528,8.87,160000.0
sh600529,38.4,2499840.0
sh600530,2.75,24750.0
sh600531,5.96,1139552.0
sh600532,15.0,1273500.0
sh600533,3.07,46664.0
sh600535,13.58,256662.0
sh600536,52.65,1089855.0
sh600537,4.14,293939.99999999994
sh600538,6.89,331408.99999999994
sh600539,6.05,6050.0
sh600540,4.5,123750.0
sh600543,6.92,240816.0
sh600545,3.27,60167.99999999999
sh600546,6.5,2609750.0
sh600547,21.95,2383770.0
sh600548,8.83,25607.0
sh600549,19.41,4190619.0
sh600550,4.38,403398.0
sh600551,7.1,26270.0
sh600552,7.41,470000.0
sh600555,1.4,69440.0
sh600556,11.13,250425.0
sh600557,10.85,108500.0
sh600558,3.01,107156.0
sh600559,19.89,4236570.0
sh600560,8.41,176610.0
sh600561,3.98,7164.0
sh600562,13.6,42160.0
sh600563,91.87,569594.0
sh600565,3.05,28707820.0
sh600566,20.23,503727.00000000006
sh600567,3.58,1828664.0
sh600568,1.55,10000.0
sh600569,2.77,9733503.0
sh600570,85.62,7936974.000000001
sh600571,7.15,100000.0
sh600572,4.15,198370.00000000003
sh600573,8.48,284928.0
sh600575,2.13,361460.99999999994
sh600576,4.08,300000.0
sh600577,3.8,3151719.9999999995
sh600578,3.03,939602.9999999999
sh600579,4.69,469.00000000000006
sh600580,11.51,615785.0
sh600581,4.51,25650174.0
sh600582,3.33,388611.0
sh600583,4.94,241566.00000000003
sh600584,35.42,5330000.0
sh600585,54.06,11710000.0
sh600586,6.74,1081096.0
sh600587,13.24,99300.0
sh600588,32.61,2334876.0
sh600589,2.7,8997750.0
sh600590,4.97,272853.0
sh600592,9.75,36075.0
sh600593,26.13,590538.0
sh600594,5.1,93330.0
sh600595,2.9,37120.0
sh600596,13.33,3544447.0
sh600597,16.57,884838.0000000001
sh600598,15.66,1219914.0
sh600599,4.98,132966.0
sh600600,76.55,1224800.0
sh600601,3.4,134640.0
sh600602,5.26,15254.0
sh600603,4.58,42136.0
sh600604,5.8,330000.0
sh600605,12.51,36279.0
sh600606,5.6,1090000.0
sh600608,3.78,37800.0
sh600609,4.52,107124.0
sh600610,4.98,72210.0
sh600611,3.66,24156.0
sh600612,54.36,190000.0
sh600613,4.44,29748.0
sh600614,0.74,0.0
sh600615,6.51,16926.0
sh600616,7.39,2322677.0
sh600617,4.03,163618.0
sh600618,8.04,264516.0
sh600619,7.02,1404.0
sh600620,6.38,211816.0
sh600621,17.22,1691003.9999999998
sh600622,3.26,74980.0
sh600623,7.65,800955.0
sh600624,6.9,131790.0
sh600626,3.78,3024.0
sh600628,8.06,39494.0
sh600629,7.14,0.0
sh600630,5.04,29232.0
sh600633,7.29,90000.0
sh600634,0.82,0.0
sh600635,3.69,97416.0
sh600636,11.07,442800.0
sh600637,9.41,3497697.0
sh600638,5.81,166166.0
sh600639,11.85,162345.0
sh600640,11.25,1568250.0
sh600641,13.47,72738.0
sh600642,5.65,1160510.0
sh600643,7.05,132540.0
sh600644,5.88,3959004.0
sh600645,18.15,1036365.0
sh600647,10.11,26286.0
sh600648,13.77,560439.0
sh600649,4.87,327264.0
sh600650,10.2,30000.0
sh600651,3.5,39200.0
sh600652,1.55,20000.0
sh600653,1.71,127908.0
sh600654,1.54,38192.0
sh600655,10.07,1463171.0
sh600657,3.98,278202.0
sh600658,5.13,28727.999999999996
sh600660,48.73,1915089.0
sh600661,14.6,1460.0
sh600662,8.4,840000.0
sh600663,10.61,536866.0
sh600664,2.72,81600.00000000001
sh600665,3.06,30000.0
sh600666,1.19,7497.0
sh600667,8.75,570000.0
sh600668,13.83,319473.0
sh600671,8.9,0.0
sh600673,5.03,116696.0
sh600674,12.52,9330000.0
sh600675,3.35,123615.00000000001
sh600676,4.67,4203.0
sh600677,3.01,0.0
sh600678,5.8,6711759.999999999
sh600679,12.3,8610.0
sh600681,5.52,433320.0
sh600682,9.68,930000.0
sh600683,4.34,46004.0
sh600684,2.9,74820.0
sh600685,23.28,307296.0
sh600686,6.49,197945.0
sh600687,0.3,0.0
sh600688,3.56,780000.0
sh600689,6.43,18647.0
sh600690,30.1,3640000.0
sh600691,2.8,141119.99999999997
sh600692,6.93,485792.99999999994
sh600693,4.17,28773.0
sh600694,19.58,43076.0
sh600695,4.3,685420.0
sh600696,16.42,945792.0000000002
sh600697,13.01,0.0
sh600698,2.33,23300.0
sh600699,19.48,1272044.0
sh600701,1.05,29400.0
sh600702,67.64,9171984.0
sh600703,26.6,4936960.000000001
sh600704,4.67,1392127.0
sh600705,4.1,728570.0
sh600706,6.89,102660.99999999999
sh600707,9.0,7846200.0
sh600708,2.45,186935.0
sh600710,5.49,2872368.0
sh600711,7.25,1480000.0
sh600712,3.98,23482.0
sh600713,4.2,23940.0
sh600714,6.63,1170000.0
sh600715,2.18,32264.000000000004
sh600716,4.01,10000.0
sh600717,4.82,430000.0
sh600718,9.39,203763.0
sh600719,3.33,183150.0
sh600720,15.15,3910215.0
sh600721,2.99,7774.000000000001
sh600722,7.6,13880000.0
sh600723,7.78,332984.0
sh600724,4.0,6730000.0
sh600725,1.84,17480.0
sh600726,2.2,1010460.0
sh600727,7.4,1020000.0
sh600728,6.77,470000.0
sh600729,28.11,260000.0
sh600730,4.25,11900.0
sh600731,10.25,217300.0
sh600732,11.48,377692.0
sh600733,8.41,951171.0000000001
sh600734,1.67,270540.0
sh600735,4.85,981154.9999999999
sh600736,4.49,1804531.0000000002
sh600737,9.46,2475682.0000000005
sh600738,7.13,178963.0
sh600739,21.13,470000.0
sh600740,6.75,5499900.0
sh600741,25.8,11470000.0
sh600742,9.7,101849.99999999999
sh600743,2.12,118932.00000000001
sh600744,5.32,7574616.0
sh600745,97.3,4748240.0
sh600746,11.44,1809807.9999999998
sh600748,4.73,197241.0
sh600749,10.51,0.0
sh600750,10.53,50000.0
sh600751,2.13,142710.0
sh600753,21.1,0.0
sh600754,48.54,931968.0
sh600755,6.6,275880.0
sh600756,12.69,19035.0
sh600757,5.25,240000.0
sh600758,3.11,870000.0
sh600759,2.02,1314616.0
sh600760,62.05,3232805.0
sh600761,13.76,242175.99999999997
sh600763,238.55,8802495.0
sh600764,27.2,54400.0
sh600765,16.4,1697400.0
sh600766,4.09,710000.0
sh600767,3.16,30000.0
sh600768,7.77,40000.0
sh600769,4.38,0.0
sh600770,5.25,280000.0
sh600771,15.88,344596.0
sh600773,9.13,1826000.0
sh600774,15.82,23730.0
sh600775,6.31,631.0
sh600776,12.44,1645812.0
sh600777,1.57,909972.0000000001
sh600778,3.55,0.0
sh600779,62.53,681577.0
sh600780,3.5,396550.0
sh600781,3.06,261630.00000000003
sh600782,6.03,17980254.0
sh600783,13.09,49742.0
sh600784,5.67,409374.0
sh600785,10.81,24863.000000000004
sh600787,4.87,289278.0
sh600789,7.26,251196.0
sh600790,3.19,16588.0
sh600791,3.44,42656.0
sh600792,4.44,1339104.0
sh600793,13.88,2673288.0
sh600794,3.67,110467.0
sh600795,2.22,5885886.000000001
sh600796,4.66,38212.0
sh600797,6.35,226694.99999999997
sh600798,4.59,1888784.9999999998
sh600800,4.85,53834.99999999999
sh600801,23.62,3760304.0
sh600802,7.9,690460.0
sh600803,16.14,498726.0
sh600804,5.83,196471.0
sh600805,3.9,80000.0
sh600807,3.23,23579.0
sh600808,3.06,6440994.0
sh600809,307.64,10680000.0
sh600810,12.84,310728.0
sh600811,3.51,346437.0
sh600812,8.62,120680.0
sh600814,5.56,60000.0
sh600815,2.45,2450.0
sh600816,2.42,903869.9999999999
sh600817,16.2,145800.0
sh600818,7.73,320000.0
sh600819,4.98,30000.0
sh600820,5.32,392084.0
sh600821,4.59,85833.0
sh600822,9.96,996.0000000000001
sh600823,4.48,475328.00000000006
sh600824,3.61,750158.0
sh600825,4.27,30000.0
sh600826,8.39,133401.0
sh600827,16.49,1884807.0
sh600828,3.57,10000.0
sh600829,6.2,34720.0
sh600830,4.7,40000.0
sh600831,5.8,110000.0
sh600833,9.57,50000.0
sh600834,9.28,758175.9999999999
sh600835,18.2,92820.0
sh600836,4.63,62967.99999999999
sh600837,11.78,2600000.0
sh600838,6.35,19685.0
sh600839,2.65,360000.0
sh600841,9.82,130000.0
sh600843,5.35,34240.0
sh600844,5.59,3100000.0
sh600845,50.58,394524.0
sh600846,9.8,580000.0
sh600847,8.28,82799.99999999999
sh600848,18.47,200000.0
sh600850,24.14,0.0
sh600851,7.72,30000.0
sh600853,2.59,39885.99999999999
sh600854,3.43,72030.0
sh600855,13.46,160000.0
sh600856,1.17,58149.0
sh600857,8.94,0.0
sh600858,6.49,10000.0
sh600859,27.5,943250.0
sh600860,4.53,47112.0
sh600861,15.5,261950.0
sh600862,22.97,1120000.0
sh600863,2.48,750944.0
sh600864,6.11,4317326.0
sh600865,7.21,40000.0
sh600866,3.93,1179.0
sh600867,12.19,368137.99999999994
sh600868,3.29,16924089.0
sh600869,3.72,266352.0
sh600870,3.14,170000.0
sh600871,2.05,570000.0
sh600872,50.5,8014350.0
sh600873,5.9,120360.00000000001
sh600874,6.31,220000.0
sh600875,12.78,7565759.999999999
sh600876,17.49,370000.0
sh600877,12.81,641781.0
sh600879,6.82,1618386.0
sh600880,4.01,170000.0
sh600881,2.96,114552.0
sh600882,53.98,220000.0
sh600883,8.33,50813.0
sh600884,17.02,4340000.0
sh600885,48.08,1150000.0
sh600886,10.1,10440000.0
sh600887,39.35,7732275.0
sh600888,6.49,3133372.0
sh600889,4.63,150012.0
sh600890,3.87,673767.0
sh600891,1.19,0.0
sh600892,3.88,720000.0
sh600893,48.0,8050000.0
sh600894,8.24,116183.99999999999
sh600895,16.64,230000.0
sh600896,4.52,280000.0
sh600897,17.9,35800.0
sh600898,5.5,0.0
sh600900,21.32,45730000.0
sh600901,5.45,90000.0
sh600903,9.78,222983.99999999997
sh600908,6.74,850000.0
sh600909,6.58,1607494.0
sh600917,7.04,2288704.0
sh600918,13.26,1009086.0
sh600919,6.39,5180373.0
sh600926,17.12,1215520.0
sh600928,5.24,243136.0
sh600929,5.26,71536.0
sh600933,16.01,81651.00000000001
sh600936,3.04,82992.0
sh600939,3.65,78110.0
sh600956,8.42,3357054.0
sh600958,9.45,1840859.9999999998
sh600959,3.17,530000.0
sh600960,3.62,18462.0
sh600961,6.99,260028.00000000003
sh600962,7.13,10000.0
sh600963,5.44,8080000.0
sh600965,5.44,71264.00000000001
sh600966,15.42,450000.0
sh600967,9.85,383164.99999999994
sh600968,2.67,6700000.0
sh600969,6.55,461120.0
sh600970,10.15,8260000.0
sh600971,5.68,511767.99999999994
sh600973,4.29,570000.0
sh600975,7.46,90000.0
sh600976,24.8,0.0
sh600977,13.51,920000.0
sh600978,0.52,0.0
sh600979,3.16,6870000.0
sh600980,16.18,1050000.0
sh600981,2.79,41850.0
sh600982,3.5,2670000.0
sh600983,7.36,259072.00000000003
sh600984,12.89,2226103.0000000005
sh600985,11.44,2414984.0
sh600986,3.91,269790.0
sh600987,5.55,86580.0
sh600988,15.3,7100730.0
sh600989,16.47,3824333.9999999995
sh600990,44.28,97416.00000000001
sh600992,6.05,9680.0
sh600993,18.12,157644.0
sh600995,7.87,10130000.0
sh600996,4.99,8483.0
sh600997,7.58,13550000.0
sh600998,17.93,390000.0
sh600999,20.18,2020000.0
sh601000,2.5,1180000.0
sh601001,5.17,504075.0
sh601002,5.12,192000.0
sh601003,6.81,1440000.0
sh601005,1.68,4566575.999999999
sh601006,6.91,1380000.0
sh601007,7.83,380000.0
sh601008,3.92,145824.0
sh601009,9.98,4422138.0
sh601010,2.98,30000.0
sh601011,4.44,2940000.0
sh601012,89.0,51112700.0
sh601015,8.48,11955104.0
sh601016,3.85,10872400.0
sh601018,4.34,1176140.0
sh601019,5.83,157993.0
sh601020,9.28,2040671.9999999998
sh601021,61.27,560000.0
sh601028,15.0,130500.0
sh601038,13.0,11583000.0
sh601058,9.16,650360.0
sh601066,32.33,3252398.0
sh601068,3.54,82128.0
sh601069,12.98,1022824.0
sh601077,4.34,2190832.0
sh601086,4.0,50000.0
sh601088,18.45,3190000.0
sh601098,10.2,127500.0
sh601099,3.3,1060000.0
sh601100,87.33,2290000.0
sh601101,4.08,3620000.0
sh601106,2.95,1792420.0
sh601107,3.18,69642.0
sh601108,11.56,5100000.0
sh601111,8.4,2284800.0
sh601113,2.91,0.0
sh601116,9.44,111391.99999999999
sh601117,6.83,3190000.0
sh601118,5.4,3700000.0
sh601126,6.84,270180.0
sh601127,19.33,25330000.0
sh601128,8.09,580000.0
sh601137,10.66,334724.0
sh601138,13.48,1729484.0
sh601139,7.02,733590.0
sh601155,46.0,2525400.0
sh601158,5.19,233550.0
sh601162,5.09,1515802.0
sh601163,17.12,376640.0
sh601166,24.0,10670000.0
sh601168,14.29,7890000.0
sh601169,4.88,14623896.0
sh601177,7.43,1486.0
sh601179,4.36,760000.0
sh601186,7.81,4960000.0
sh601187,9.37,355122.99999999994
sh601188,2.73,37674.0
sh601198,11.21,2077213.0
sh601199,3.75,90375.0
sh601200,11.88,1164240.0000000002
sh601208,13.45,440000.0
sh601211,16.14,1944870.0
sh601212,2.81,2322184.0
sh601216,5.54,3964424.0
sh601218,4.71,5686854.0
sh601222,7.21,3372117.0
sh601225,11.48,7340000.0
sh601226,3.88,188956.0
sh601228,3.37,178273.0
sh601229,8.6,2140000.0
sh601231,19.2,599040.0
sh601233,23.15,1849684.9999999998
sh601236,13.67,460679.0
sh601238,10.79,1916303.9999999998
sh601258,1.21,1205160.0
sh601288,3.38,2802696.0
sh601298,6.85,690000.0
sh601311,11.55,3100000.0
sh601318,85.36,41240000.0
sh601319,6.03,722997.0
sh601326,2.75,71775.0
sh601328,4.68,5040000.0
sh601330,9.39,13420000.0
sh601333,2.19,481143.0
sh601336,51.1,3055780.0
sh601339,4.35,347564.99999999994
sh601360,14.29,1586190.0
sh601366,6.2,20000.0
sh601368,5.12,70144.0
sh601369,9.05,1695970.0
sh601375,4.45,3230000.0
sh601377,8.52,6858600.0
sh601388,3.88,88470000.0
sh601390,5.87,6540000.0
sh601398,5.45,6087650.0
sh601399,3.82,442738.0
sh601456,13.53,9900000.0
sh601500,5.62,20000.0
sh601512,9.33,4665.0
sh601515,6.0,50000.0
sh601518,2.21,55471.0
sh601519,8.0,897600.0
sh601555,8.98,3780000.0
sh601566,10.29,15435.0
sh601567,6.53,28732.0
sh601568,8.93,674215.0
sh601577,10.68,1610000.0
sh601579,9.5,400900.0
sh601588,2.31,150000.0
sh601595,11.7,110000.0
sh601598,4.76,934864.0
sh601599,2.8,30000.0
sh601600,4.54,17300000.0
sh601601,41.55,4790000.0
sh601606,9.88,267748.0
sh601607,18.92,270000.0
sh601608,3.7,370000.0
sh601609,10.22,452746.0
sh601611,8.17,5336644.0
sh601615,17.85,2332995.0
sh601616,3.32,261616.0
sh601618,3.17,3919387.9999999995
sh601619,3.7,2530000.0
sh601628,32.09,1967117.0000000002
sh601633,30.0,5241000.0
sh601636,13.18,1063626.0
sh601658,5.95,6576535.000000001
sh601666,5.23,906359.0
sh601668,5.1,28820000.0
sh601669,4.05,9380000.0
sh601677,18.52,6670000.0
sh601678,5.71,556725.0
sh601686,11.66,473396.0
sh601688,16.9,8520000.0
sh601689,33.93,719316.0
sh601696,17.96,1600000.0
sh601698,15.25,110000.0
sh601699,6.1,1174859.9999999998
sh601700,4.45,120595.0
sh601702,7.71,6097839.0
sh601717,12.6,1219680.0
sh601718,2.71,230000.0
sh601727,5.47,2111420.0
sh601766,6.64,6022480.0
sh601777,5.56,110000.0
sh601778,6.38,1412532.0
sh601788,17.03,30940000.0
sh601789,3.97,47640.0
sh601798,6.29,975579.0000000001
sh601799,195.61,4950000.0
sh601800,7.1,1180000.0
sh601801,4.86,90000.0
sh601808,16.8,693840.0
sh601811,9.15,250000.0
sh601816,5.84,9350000.0
sh601818,4.24,12539376.0
sh601827,8.0,2000800.0
sh601828,9.15,1830000.0
sh601838,11.6,2550840.0
sh601857,4.43,3785878.0
sh601858,9.63,136746.0
sh601860,3.87,366876.0
sh601865,27.18,3580000.0
sh601866,2.64,401016.00000000006
sh601869,23.2,130000.0
sh601872,5.36,530000.0
sh601877,35.8,1503599.9999999998
sh601878,13.31,11140000.0
sh601880,1.77,1227318.0
sh601881,10.25,1377600.0
sh601882,12.85,80000.0
sh601886,7.17,350000.0
sh601888,303.86,21670000.0
sh601890,5.13,17442.0
sh601898,5.3,1627100.0
sh601899,11.3,49906450.00000001
sh601900,8.0,20000.0
sh601901,8.39,2650000.0
sh601908,8.2,2404240.0
sh601916,4.21,296384.0
sh601918,3.23,1385670.0
sh601919,11.0,9059600.0
sh601928,6.37,210000.0
sh601929,1.82,160342.0
sh601933,6.91,1200000.0
sh601939,7.33,2490000.0
sh601949,7.04,409728.0
sh601952,10.64,430000.0
sh601958,6.09,182091.0
sh601965,15.4,53900.0
sh601966,46.28,700000.0
sh601968,7.97,617675.0
sh601969,5.8,870000.0
sh601975,2.36,620000.0
sh601985,5.57,11290000.0
sh601988,3.29,6070000.0
sh601989,4.09,694073.0
sh601990,10.3,940000.0
sh601991,2.57,2720000.0
sh601992,2.93,658078.0000000001
sh601995,48.25,9051700.0
sh601996,3.41,1468687.0
sh601997,8.47,2110000.0
sh601998,5.32,587860.0
sh601999,5.69,569.0
sh603000,16.65,624374.9999999999
sh603001,7.01,10000.0
sh603002,6.63,535704.0
sh603003,7.29,61965.0
sh603005,59.82,2638062.0
sh603006,9.22,0.0
sh603007,5.04,20664.0
sh603008,25.52,1150000.0
sh603009,5.47,13128.0
sh603010,27.0,1255500.0
sh603011,4.89,20000.0
sh603012,5.9,22420.0
sh603013,13.55,20325.0
sh603015,5.75,0.0
sh603016,35.42,393162.00000000006
sh603017,10.13,25325.000000000004
sh603018,11.59,150000.0
sh603019,29.54,4490000.0
sh603020,9.08,129844.0
sh603021,5.54,93072.0
sh603022,11.3,60000.0
sh603023,4.03,80000.0
sh603025,19.45,830000.0
sh603026,60.74,1400000.0
sh603027,35.56,1120000.0
sh603028,12.89,30000.0
sh603029,11.57,0.0
sh603030,4.48,50000.0
sh603031,27.0,2700.0
sh603032,13.0,4039100.0
sh603033,20.76,0.0
sh603035,11.51,56399.0
sh603036,8.02,1604.0
sh603037,15.88,4764.0
sh603038,12.55,160000.0
sh603039,81.47,195528.0
sh603040,29.2,10000.0
sh603041,13.55,1355.0
sh603042,12.81,30000.0
sh603043,35.71,180000.0
sh603045,11.07,690000.0
sh603050,11.99,60000.0
sh603053,10.65,2350000.0
sh603055,6.65,0.0
sh603056,13.08,90000.0
sh603058,7.65,70000.0
sh603059,21.67,15169.0
sh603060,24.31,3067921.9999999995
sh603063,16.37,1530000.0
sh603066,7.76,38800.0
sh603067,6.94,70094.0
sh603068,57.51,184032.0
sh603069,15.78,510000.0
sh603076,46.7,182130.00000000003
sh603077,1.58,2420000.0
sh603078,27.26,30000.0
sh603079,21.84,50232.0
sh603080,10.95,80000.0
sh603081,11.01,89181.0
sh603083,11.75,180000.0
sh603085,6.65,244720.00000000003
sh603086,14.68,100000.0
sh603087,123.2,640640.0
sh603088,7.05,9870.0
sh603089,11.05,359125.00000000006
sh603090,12.2,180000.0
sh603093,15.02,60000.0
sh603095,21.79,6537.0
sh603096,49.2,20000.0
sh603098,14.68,36490000.0
sh603099,8.5,200000.0
sh603100,13.06,700000.0
sh603101,4.56,66120.0
sh603103,15.09,362160.0
sh603105,8.0,350400.0
sh603106,6.6,13860.0
sh603108,10.37,20000.0
sh603109,20.28,70980.0
sh603110,38.36,95900.0
sh603111,5.36,80000.0
sh603112,10.26,60000.0
sh603113,21.6,425520.00000000006
sh603115,14.16,167088.0
sh603116,5.61,60000.0
sh603117,3.43,42875.0
sh603118,8.79,40000.0
sh603121,9.73,20433.0
sh603123,6.66,30000.0
sh603126,11.89,66497203.0
sh603127,126.49,4401852.0
sh603128,13.76,1662207.9999999998
sh603129,155.2,190000.0
sh603131,19.28,140000.0
sh603133,12.24,216648.0
sh603136,29.01,136347.0
sh603138,11.3,360000.0
sh603139,15.42,67848.0
sh603155,36.06,10818.0
sh603156,24.4,110000.0
sh603157,1.82,800000.0
sh603158,19.3,130000.0
sh603159,12.97,389100.0
sh603160,114.4,9403680.0
sh603161,15.93,0.0
sh603165,13.11,120000.0
sh603166,6.39,140000.0
sh603167,8.53,610000.0
sh603168,6.06,20000.0
sh603169,3.88,1354508.0
sh603177,12.2,486779.99999999994
sh603178,8.41,10000.0
sh603179,30.26,250000.0
sh603180,59.43,106974.0
sh603181,17.36,60000.0
sh603183,7.81,90000.0
sh603185,140.42,13606697.999999998
sh603186,38.0,110000.0
sh603187,53.14,130000.0
sh603188,5.53,2765.0
sh603189,16.65,198135.0
sh603192,23.59,0.0
sh603195,178.81,804645.0
sh603196,5.21,15630.000000000002
sh603197,24.35,70000.0
sh603198,27.55,240000.0
sh603199,21.62,540000.0
sh603200,21.9,28470.0
sh603203,25.61,0.0
sh603208,99.5,90000.0
sh603212,29.36,55784.0
sh603214,19.81,540000.0
sh603217,24.68,20000.0
sh603218,32.99,450000.0
sh603220,11.51,130000.0
sh603221,11.61,0.0
sh603222,16.0,13838400.0
sh603223,22.2,1060000.0
sh603225,16.9,190000.0
sh603226,8.68,20832.0
sh603227,4.66,160000.0
sh603228,27.0,80000.0
sh603229,33.78,6756.0
sh603232,17.3,70000.0
sh603233,76.99,820000.0
sh603236,230.15,870000.0
sh603238,26.88,100000.0
sh603239,15.92,148056.0
sh603256,9.96,350000.0
sh603258,27.81,1079028.0
sh603259,137.04,25150000.0
sh603260,48.8,990640.0
sh603266,10.14,10140.0
sh603267,114.44,90000.0
sh603268,17.68,80000.0
sh603269,10.07,50000.0
sh603277,14.8,340000.0
sh603278,7.94,62726.0
sh603279,20.14,76532.0
sh603283,25.94,147858.00000000003
sh603286,13.62,20430.0
sh603288,154.0,4240000.0
sh603289,7.89,26037.0
sh603290,182.9,2180000.0
sh603297,41.4,180000.0
sh603298,23.31,250000.0
sh603299,8.2,388680.0
sh603300,7.84,230000.0
sh603301,56.48,520000.0
sh603303,13.43,410000.0
sh603305,33.15,70000.0
sh603306,23.39,220000.0
sh603308,26.87,240000.0
sh603309,12.22,24440.0
sh603311,11.16,0.0
sh603313,37.07,390000.0
sh603315,12.89,118588.00000000001
sh603316,6.44,40000.0
sh603317,48.41,377597.99999999994
sh603318,6.46,60000.0
sh603319,28.86,150000.0
sh603320,10.12,10000.0
sh603321,7.08,708.0
sh603322,15.58,194750.0
sh603323,4.89,1229834.9999999998
sh603326,11.15,192895.0
sh603327,17.12,10272.0
sh603328,6.97,30000.0
sh603329,11.85,730000.0
sh603330,30.08,33088.0
sh603331,8.92,1784.0
sh603332,18.58,919709.9999999999
sh603333,5.95,567630.0
sh603335,4.57,40000.0
sh603336,9.18,229500.0
sh603337,33.0,224400.0
sh603338,95.27,1724387.0
sh603339,9.27,927.0
sh603345,194.29,2270000.0
sh603348,20.88,490000.0
sh603351,20.7,165600.0
sh603353,37.18,350000.0
sh603355,28.83,17298.0
sh603356,11.29,6773.999999999999
sh603357,8.9,20000.0
sh603358,21.57,500000.0
sh603359,18.87,1279386.0
sh603360,14.54,20000.0
sh603363,13.27,132700.0
sh603365,14.09,40000.0
sh603366,4.64,140000.0
sh603367,13.43,70000.0
sh603368,21.69,225576.00000000003
sh603369,44.46,1350000.0
sh603377,13.87,712917.9999999999
sh603378,57.48,220000.0
sh603379,17.19,220000.0
sh603380,20.6,620000.0
sh603383,24.17,60000.0
sh603385,11.38,680000.0
sh603386,14.45,40000.0
sh603387,33.7,185350.00000000003
sh603388,6.01,1202.0
sh603389,3.7,10360.0
sh603390,9.41,70000.0
sh603392,227.62,770000.0
sh603393,20.14,160000.0
sh603396,30.62,80000.0
sh603398,8.7,80000.0
sh603399,5.27,2940000.0
sh603408,15.1,42280.0
sh603416,73.64,559664.0
sh603421,8.21,18062.0
sh603429,32.24,340000.0
sh603439,15.58,15580.000000000002
sh603444,349.65,2200000.0
sh603456,33.15,251940.0
sh603458,16.27,1080000.0
sh603466,20.22,2022.0
sh603477,14.86,983732.0
sh603486,101.59,345406.0
sh603488,8.4,88200.0
sh603489,179.0,71600.0
sh603496,19.0,200000.0
sh603499,7.55,49830.0
sh603500,12.42,38502.0
sh603501,255.97,2738879.0
sh603505,29.1,101850.0
sh603506,19.35,10000.0
sh603507,20.89,56403.0
sh603508,21.95,10000.0
sh603515,28.74,210000.0
sh603516,34.75,260000.0
sh603517,73.4,390000.0
sh603518,5.2,60840.0
sh603519,15.5,70000.0
sh603520,58.52,158004.00000000003
sh603527,7.93,10000.0
sh603528,7.29,480000.0
sh603530,19.53,390000.0
sh603533,33.71,1720000.0
sh603535,38.9,256740.0
sh603536,13.76,600000.0
sh603538,30.59,150000.0
sh603551,12.09,226083.0
sh603555,2.44,4880.0
sh603556,13.51,60000.0
sh603557,8.19,550000.0
sh603558,8.74,33212.0
sh603559,13.35,88110.0
sh603565,30.38,120000.0
sh603566,20.4,120000.0
sh603567,11.93,116913.99999999999
sh603568,21.38,1320000.0
sh603569,7.13,19964.0
sh603577,8.87,0.0
sh603578,19.36,0.0
sh603579,30.23,30000.0
sh603580,10.16,70000.0
sh603583,69.88,150000.0
sh603585,17.67,0.0
sh603586,14.5,21750.0
sh603587,19.14,280000.0
sh603588,17.2,2660000.0
sh603589,55.0,874500.0
sh603590,34.75,0.0
sh603595,19.3,140000.0
sh603596,29.79,100000.0
sh603598,10.25,30000.0
sh603599,28.51,510000.0
sh603600,12.4,215760.0
sh603601,11.06,90000.0
sh603602,11.46,153564.0
sh603603,5.57,4030000.0
sh603605,173.3,640000.0
sh603606,21.58,920000.0
sh603607,14.6,4380.0
sh603608,5.81,13363.0
sh603609,11.78,640000.0
sh603610,26.04,231756.0
sh603611,12.96,10000.0
sh603612,19.01,10200000.0
sh603613,128.33,1796620.0
sh603615,8.48,30000.0
sh603616,5.42,310000.0
sh603617,10.34,20000.0
sh603618,6.46,230000.0
sh603619,10.01,1160000.0
sh603626,8.8,310000.0
sh603628,9.0,5870000.0
sh603629,35.26,56416.0
sh603630,14.92,90000.0
sh603633,9.08,50000.0
sh603636,9.7,52379.99999999999
sh603637,7.29,0.0
sh603638,63.31,560000.0
sh603639,24.73,10000.0
sh603648,7.87,10000.0
sh603650,34.8,250000.0
sh603655,21.72,1270000.0
sh603656,12.2,10000.0
sh603657,17.69,5307.000000000001
sh603658,110.05,850000.0
sh603659,83.46,640000.0
sh603660,6.99,4893.0
sh603661,64.02,60000.0
sh603662,25.49,20000.0
sh603663,17.0,1907400.0
sh603665,17.72,70000.0
sh603666,82.97,141049.0
sh603667,7.3,18250.0
sh603668,7.32,100000.0
sh603669,7.73,9276.0
sh603676,8.16,8159.999999999999
sh603677,11.06,230000.0
sh603678,53.55,590000.0
sh603679,16.4,0.0
sh603680,15.66,432216.0
sh603681,21.13,200000.0
sh603682,7.58,51544.00000000001
sh603683,14.63,10241.000000000002
sh603685,9.93,20853.0
sh603686,18.6,2000000.0
sh603687,9.41,128917.0
sh603688,17.33,12130.999999999998
sh603689,9.85,61069.99999999999
sh603690,31.27,830000.0
sh603693,11.78,1580000.0
sh603696,9.01,18921.0
sh603697,16.7,450900.0
sh603698,16.1,2330000.0
sh603699,13.98,110000.0
sh603700,25.75,60000.0
sh603701,8.2,139399.99999999997
sh603703,12.25,35525.0
sh603706,14.13,25434.0
sh603707,35.69,140000.0
sh603708,22.28,1680000.0
sh603709,26.9,193680.0
sh603711,19.96,20000.0
sh603712,33.25,315875.0
sh603713,110.0,230000.0
sh603716,14.15,4245.0
sh603717,9.38,12194.000000000002
sh603718,13.46,1450988.0
sh603719,49.44,280000.0
sh603721,10.5,40000.0
sh603722,27.21,35373.0
sh603725,8.35,380000.0
sh603726,11.98,4792.0
sh603727,16.25,60000.0
sh603728,14.73,142881.0
sh603729,12.08,1208.0
sh603730,22.45,0.0
sh603733,24.55,250000.0
sh603737,173.71,660098.0
sh603738,21.71,149799.0
sh603739,22.38,130000.0
sh603755,58.38,116760.00000000001
sh603757,21.38,220000.0
sh603758,9.05,370000.0
sh603766,3.37,240000.0
sh603767,6.63,663.0
sh603768,16.18,22652.0
sh603773,25.66,180000.0
sh603776,19.0,1780000.0
sh603777,11.52,140000.0
sh603778,4.15,1760000.0
sh603779,5.84,8760.0
sh603786,69.96,300828.0
sh603787,21.79,70000.0
sh603788,13.01,0.0
sh603789,13.22,30000.0
sh603790,10.15,26390.000000000004
sh603797,7.96,443372.0
sh603798,9.03,0.0
sh603799,68.4,18693720.0
sh603800,8.51,0.0
sh603801,51.0,1120000.0
sh603803,8.72,14824.0
sh603806,78.13,410000.0
sh603808,13.88,30000.0
sh603809,18.98,56940.0
sh603810,25.6,245760.00000000003
sh603811,23.4,152100.0
sh603813,12.78,110000.0
sh603815,10.43,2512587.0
sh603816,70.51,1565322.0
sh603817,5.73,230346.0
sh603818,8.19,170000.0
sh603819,9.6,140000.0
sh603822,20.44,80000.0
sh603823,14.65,14650.0
sh603825,14.04,720000.0
sh603826,38.27,110000.0
sh603828,4.58,159384.0
sh603829,10.24,9216.0
sh603833,144.0,2610000.0
sh603838,5.96,30000.0
sh603839,8.33,47481.0
sh603843,3.93,101001.0
sh603848,13.01,60000.0
sh603855,19.93,120000.0
sh603856,14.41,194535.0
sh603858,22.21,173238.0
sh603859,32.14,50000.0
sh603860,20.17,175479.00000000003
sh603861,7.88,788.0
sh603863,9.57,5742.0
sh603866,47.0,430000.0
sh603867,23.24,11619.999999999998
sh603868,44.9,35920.0
sh603869,11.28,54143.99999999999
sh603871,21.3,340800.0
sh603876,11.94,144474.0
sh603877,38.36,530000.0
sh603878,8.71,6140000.0
sh603879,6.81,0.0
sh603880,10.03,10000.0
sh603881,48.9,380000.0
sh603882,119.75,2718325.0
sh603883,61.0,603900.0
sh603885,15.0,517500.0
sh603886,16.6,159360.0
sh603887,14.82,125970.0
sh603888,17.43,261450.0
sh603889,4.71,30000.0
sh603890,13.45,120000.0
sh603893,65.54,920000.0
sh603895,15.8,31600.0
sh603896,34.0,50000.0
sh603897,17.05,0.0
sh603898,16.97,10000.0
sh603899,74.67,750000.0
sh603900,6.44,10000.0
sh603901,10.64,259616.00000000003
sh603903,10.85,70000.0
sh603906,26.38,440000.0
sh603908,21.55,0.0
sh603909,17.46,10476.0
sh603912,12.25,40000.0
sh603915,33.62,270000.0
sh603916,25.9,160000.0
sh603917,9.21,6447.0
sh603918,9.53,20000.0
sh603919,26.98,1232986.0
sh603920,17.13,580707.0
sh603922,16.95,32205.0
sh603926,11.31,11310.0
sh603927,36.66,186966.0
sh603928,11.5,6900.0
sh603929,10.36,340000.0
sh603931,41.08,1840000.0
sh603933,9.71,99042.0
sh603936,12.04,460000.0
sh603937,9.43,60000.0
sh603938,24.96,0.0
sh603939,80.98,890000.0
sh603948,17.71,5313.0
sh603949,16.2,145800.0
sh603950,21.15,668340.0
sh603955,13.5,225450.0
sh603956,15.43,550000.0
sh603958,6.18,20000.0
sh603959,11.06,94010.0
sh603960,27.43,556829.0
sh603963,7.0,10000.0
sh603966,18.12,300000.0
sh603967,12.42,13662.0
sh603968,16.54,240000.0
sh603969,4.52,10000.0
sh603970,18.96,3792.0
sh603976,39.21,407784.0
sh603977,7.33,170000.0
sh603978,19.05,90000.0
sh603979,15.18,44022.0
sh603980,6.64,110000.0
sh603982,15.3,380000.0
sh603983,48.9,112470.0
sh603985,25.59,102360.0
sh603986,168.0,4940000.0
sh603987,18.3,1240000.0
sh603988,12.48,0.0
sh603989,26.48,100000.0
sh603990,28.19,300000.0
sh603991,39.38,196900.00000000003
sh603992,17.2,86000.0
sh603993,5.91,18330000.0
sh603995,32.94,507275.99999999994
sh603996,2.69,765305.0
sh603997,8.29,540000.0
sh603998,5.15,30900.0
sh603999,5.11,47012.0
sh605001,14.72,4416.0
sh605003,30.0,240000.0
sh605006,11.0,2290000.0
sh605007,20.64,63984.0
sh605008,26.8,60000.0
sh605009,137.99,1545488.0
sh605018,13.3,210000.0
sh605050,11.18,40000.0
sh605058,20.9,20000.0
sh605066,12.22,1222.0
sh605068,34.2,180000.0
sh605088,16.56,74520.0
sh605099,29.78,452656.00000000006
sh605100,40.34,12102.000000000002
sh605108,21.58,160000.0
sh605111,156.72,4607568.0
sh605116,13.26,80000.0
sh605118,13.71,27420.000000000004
sh605123,65.19,58671.0
sh605128,29.75,318325.0
sh605136,28.15,1020000.0
sh605151,17.61,31698.0
sh605158,11.63,100000.0
sh605166,9.58,53648.0
sh605168,134.03,134030.0
sh605169,17.69,40000.0
sh605177,32.06,112210.00000000001
sh605178,46.54,4654.0
sh605183,15.55,46650.0
sh605188,8.72,13952.000000000002
sh605198,20.6,28840.000000000004
sh605199,18.53,20383.0
sh605218,13.29,0.0
sh605222,19.26,9630.000000000002
sh605255,15.9,260000.0
sh605258,32.6,880000.0
sh605266,103.1,30000.0
sh605288,108.0,130000.0
sh605299,11.1,88800.0
sh605318,14.58,53946.0
sh605333,13.3,20000.0
sh605336,25.27,80000.0
sh605338,31.29,60000.0
sh605358,76.0,9200000.0
sh605366,11.0,91300.0
sh605369,61.25,130000.0
sh605376,50.17,1951613.0
sh605388,16.66,101626.0
sh605399,17.4,335820.0
sz000001,21.4,3850000.0
sz000002,31.3,12830000.0
sz000004,17.17,40000.0
sz000005,2.22,240000.0
sz000006,5.19,270000.0
sz000007,4.11,2630000.0
sz000008,2.38,350000.0
sz000009,8.84,700000.0
sz000010,3.85,580000.0
sz000011,12.28,4190000.0
sz000012,6.5,1630000.0
sz000014,7.82,30000.0
sz000016,5.99,160000.0
sz000017,2.54,100000.0
sz000019,6.86,280000.0
sz000020,8.56,10000.0
sz000021,20.04,1520000.0
sz000023,15.61,1561.0
sz000025,14.92,830000.0
sz000026,14.25,680000.0
sz000027,8.66,56220000.0
sz000028,39.25,340000.0
sz000029,7.57,380000.0
sz000030,7.47,220000.0
sz000031,3.95,140000.0
sz000032,22.8,190000.0
sz000034,16.85,710000.0
sz000035,4.66,530000.0
sz000036,4.07,120000.0
sz000037,9.57,1010000.0
sz000038,10.0,70000.0
sz000039,13.98,1120000.0
sz000040,2.79,4210000.0
sz000042,8.76,30000.0
sz000045,7.36,220000.0
sz000046,2.96,100000.0
sz000048,27.96,410000.0
sz000049,69.39,560000.0
sz000050,14.01,5090000.0
sz000055,4.77,790000.0
sz000056,2.65,130000.0
sz000058,6.15,600000.0
sz000059,6.03,530000.0
sz000060,4.71,1350000.0
sz000061,6.01,190000.0
sz000062,12.01,240000.0
sz000063,30.39,27900000.0
sz000065,7.09,10000.0
sz000066,14.86,1320000.0
sz000068,2.7,240000.0
sz000069,9.13,30380000.0
sz000070,7.02,80000.0
sz000078,3.2,140000.0
sz000088,5.71,210000.0
sz000089,8.31,500000.0
sz000090,6.2,260000.0
sz000096,9.73,110000.0
sz000099,6.6,120000.0
sz000100,9.35,42990000.0
sz000150,2.77,10200000.0
sz000151,7.37,10000.0
sz000153,6.89,110000.0
sz000155,11.47,21230000.0
sz000156,8.2,140000.0
sz000157,12.75,3570000.0
sz000158,5.12,510000.0
sz000159,5.31,90000.0
sz000166,4.69,2250000.0
sz000301,13.05,300000.0
sz000333,84.81,13550000.0
sz000338,20.52,3440000.0
sz000400,14.46,1460000.0
sz000401,15.46,3400000.0
sz000402,6.85,7040000.0
sz000403,37.77,90000.0
sz000404,4.36,380000.0
sz000407,3.94,120000.0
sz000408,8.71,450000.0
sz000409,4.38,100000.0
sz000410,3.66,650000.0
sz000411,12.72,280000.0
sz000413,2.07,470000.0
sz000415,2.23,130000.0
sz000416,4.54,210000.0
sz000417,4.51,28864.0
sz000419,4.34,10000.0
sz000420,2.31,840000.0
sz000421,5.66,210000.0
sz000422,3.66,40000.0
sz000423,35.28,910000.0
sz000425,6.78,920000.0
sz000426,7.22,550000.0
sz000428,2.95,1000000.0
sz000429,7.04,220000.0
sz000430,5.53,120000.0
sz000488,9.81,6330000.0
sz000498,5.92,210000.0
sz000501,11.48,740000.0
sz000502,6.04,100000.0
sz000503,6.98,130000.0
sz000504,11.67,40845.0
sz000505,7.6,100000.0
sz000506,2.15,40000.0
sz000507,5.48,50000.0
sz000509,2.51,30000.0
sz000510,4.63,630000.0
sz000513,35.77,900000.0
sz000514,3.53,110000.0
sz000516,10.62,1020000.0
sz000517,3.11,6460000.0
sz000518,4.12,70000.0
sz000519,8.75,480000.0
sz000520,3.09,161607.0
sz000521,3.52,450000.0
sz000523,2.51,390000.0
sz000524,8.04,210000.0
sz000525,6.03,480000.0
sz000526,40.05,200000.0
sz000528,8.81,810000.0
sz000529,5.98,40000.0
sz000530,4.11,4450000.0
sz000531,9.8,2840000.0
sz000532,10.18,40000.0
sz000533,2.98,1590000.0
sz000534,13.3,130000.0
sz000536,2.96,350000.0
sz000537,5.84,120000.0
sz000538,126.0,1990000.0
sz000539,3.87,750000.0
sz000540,2.76,430000.0
sz000541,6.18,350000.0
sz000543,4.14,2490000.0
sz000544,6.53,140000.0
sz000545,2.98,1900000.0
sz000546,7.43,180000.0
sz000547,16.95,2330000.0
sz000548,3.86,120000.0
sz000550,25.46,5170000.0
sz000551,8.44,110000.0
sz000552,2.91,700000.0
sz000553,8.67,270000.0
sz000554,4.52,140000.0
sz000555,13.2,250000.0
sz000557,3.95,160000.0
sz000558,3.11,1400000.0
sz000559,4.99,440000.0
sz000560,3.72,170000.0
sz000561,6.48,20000.0
sz000563,3.34,150000.0
sz000564,2.22,2800000.0
sz000565,4.46,5352.0
sz000566,5.7,70000.0
sz000567,8.72,140000.0
sz000568,208.0,17430000.0
sz000570,5.65,1400000.0
sz000571,2.2,180000.0
sz000572,3.02,30000.0
sz000573,2.68,70000.0
sz000576,10.84,710000.0
sz000581,23.5,1610000.0
sz000582,10.37,110000.0
sz000584,7.18,400000.0
sz000585,1.65,70000.0
sz000586,6.9,40000.0
sz000587,1.7,1019.9999999999999
sz000589,7.32,350000.0
sz000590,7.6,41800.0
sz000591,7.59,62260000.0
sz000592,2.82,3670000.0
sz000593,4.81,80000.0
sz000595,1.91,20000.0
sz000596,190.99,1800000.0
sz000597,4.6,20000.0
sz000598,5.14,840000.0
sz000599,4.1,160000.0
sz000600,5.44,2890000.0
sz000601,6.2,1360000.0
sz000603,13.65,950000.0
sz000605,5.28,110000.0
sz000606,2.57,610000.0
sz000607,3.78,30000.0
sz000608,3.06,10000.0
sz000609,3.74,30000.0
sz000610,10.15,1890000.0
sz000611,2.85,57000.0
sz000612,9.81,90310000.0
sz000613,4.32,4170000.0
sz000615,10.86,1360000.0
sz000616,2.38,180000.0
sz000617,6.26,150000.0
sz000619,5.88,390000.0
sz000620,2.2,220000.0
sz000622,3.48,30000.0
sz000623,15.62,1090000.0
sz000625,15.66,6230000.0
sz000626,15.15,350000.0
sz000627,4.1,120000.0
sz000628,9.05,905.0000000000001
sz000629,2.3,780000.0
sz000630,3.04,6830000.0
sz000631,3.09,30000.0
sz000632,3.45,40000.0
sz000633,6.5,730000.0
sz000635,9.0,200000.0
sz000636,29.58,1000000.0
sz000637,3.78,90000.0
sz000638,5.1,410000.0
sz000639,5.25,40000.0
sz000650,6.06,20000.0
sz000651,58.47,5220000.0
sz000652,4.2,490000.0
sz000655,7.81,4510000.0
sz000656,7.05,870000.0
sz000657,8.8,6470000.0
sz000659,3.72,160000.0
sz000661,434.98,7790000.0
sz000662,0.21,750000.0
sz000663,4.39,340000.0
sz000665,3.85,20000.0
sz000666,7.31,40000.0
sz000667,2.03,2140000.0
sz000668,13.33,23994.0
sz000669,2.1,90000.0
sz000670,2.25,0.0
sz000671,6.22,830000.0
sz000672,21.16,6670000.0
sz000673,2.05,760000.0
sz000676,5.21,1190000.0
sz000677,2.69,20000.0
sz000678,4.88,20000.0
sz000679,3.31,20000.0
sz000680,4.21,270000.0
sz000681,13.33,120000.0
sz000682,4.46,80000.0
sz000683,2.6,1360000.0
sz000685,8.31,400000.0
sz000686,8.64,850000.0
sz000687,1.96,360000.0
sz000688,9.78,2650000.0
sz000690,6.48,4590000.0
sz000691,4.82,30000.0
sz000692,2.86,1040000.0
sz000695,5.47,10000.0
sz000697,7.83,210000.0
sz000698,8.4,6420000.0
sz000700,4.96,70000.0
sz000701,4.64,10000.0
sz000702,5.08,50000.0
sz000703,15.97,1240000.0
sz000705,6.65,30000.0
sz000707,2.23,110000.0
sz000708,27.68,540000.0
sz000709,2.5,11630000.0
sz000710,34.5,530000.0
sz000711,2.4,1470000.0
sz000712,16.55,1650000.0
sz000713,14.15,1180000.0
sz000715,4.21,70000.0
sz000716,3.08,40000.0
sz000717,5.04,11100000.0
sz000718,4.26,660000.0
sz000719,7.21,220000.0
sz000720,3.79,120000.0
sz000721,4.35,400000.0
sz000722,6.8,6240000.0
sz000723,7.33,4210000.0
sz000725,6.04,26240000.0
sz000726,6.97,120000.0
sz000727,3.13,7600000.0
sz000728,7.76,1850000.0
sz000729,6.83,510000.0
sz000731,4.76,570000.0
sz000732,3.35,610000.0
sz000733,49.15,500000.0
sz000735,8.39,380000.0
sz000736,6.59,10000.0
sz000737,6.01,300000.0
sz000738,17.55,550000.0
sz000739,26.37,3140000.0
sz000750,4.51,1600000.0
sz000751,3.47,910000.0
sz000752,3.91,20000.0
sz000753,2.71,100000.0
sz000755,3.3,40000.0
sz000756,8.21,40000.0
sz000757,3.72,100000.0
sz000758,5.89,6690000.0
sz000759,5.55,30000.0
sz000760,1.47,0.0
sz000761,3.33,660000.0
sz000762,14.0,560000.0
sz000766,4.21,140000.0
sz000767,3.87,13270000.0
sz000768,26.0,3750000.0
sz000776,15.63,3690000.0
sz000777,12.3,470000.0
sz000778,4.15,2870000.0
sz000779,9.66,700000.0
sz000780,3.62,110000.0
sz000782,3.36,310000.0
sz000783,7.06,1130000.0
sz000785,7.12,10000.0
sz000786,44.98,1610000.0
sz000788,6.14,40000.0
sz000789,13.79,1580000.0
sz000790,4.18,10000.0
sz000791,4.6,6460000.0
sz000792,8.84,0.0
sz000793,2.17,140000.0
sz000795,5.7,2070000.0
sz000796,10.3,1260000.0
sz000797,2.95,20000.0
sz000798,8.76,1780000.0
sz000799,139.51,5970000.0
sz000800,11.12,900000.0
sz000801,5.48,10000.0
sz000802,5.45,250000.0
sz000803,12.02,190000.0
sz000806,1.96,1390000.0
sz000807,12.11,52680000.0
sz000809,1.8,120000.0
sz000810,7.53,100000.0
sz000811,7.13,840000.0
sz000812,3.69,1520000.0
sz000813,4.09,840000.0
sz000815,5.02,340000.0
sz000816,3.37,610000.0
sz000818,20.17,810000.0
sz000819,6.23,30000.0
sz000820,1.41,180000.0
sz000821,7.33,170000.0
sz000822,4.63,510000.0
sz000823,9.75,90000.0
sz000825,4.88,19320000.0
sz000826,6.22,1810000.0
sz000828,9.78,330000.0
sz000829,5.94,80000.0
sz000830,15.14,2840000.0
sz000831,21.65,14590000.0
sz000833,4.48,80000.0
sz000835,1.79,50000.0
sz000836,2.44,130000.0
sz000837,7.01,110000.0
sz000838,2.62,140000.0
sz000839,2.1,130000.0
sz000848,6.3,80000.0
sz000850,3.89,70000.0
sz000851,5.85,280000.0
sz000852,4.49,30000.0
sz000856,6.76,600000.0
sz000858,262.45,27790000.0
sz000859,4.99,40000.0
sz000860,48.3,1590000.0
sz000861,2.2,260000.0
sz000862,4.55,2390000.0
sz000863,4.1,210000.0
sz000868,3.92,80000.0
sz000869,30.78,250000.0
sz000875,4.79,8520000.0
sz000876,21.91,6360000.0
sz000877,17.55,13140000.0
sz000878,15.14,6100000.0
sz000880,9.37,1873.9999999999998
sz000881,12.01,5650000.0
sz000882,1.76,130000.0
sz000883,3.96,2130000.0
sz000885,9.64,260000.0
sz000886,4.57,60000.0
sz000887,10.59,840000.0
sz000888,6.42,910000.0
sz000889,6.89,3970000.0
sz000890,4.42,30000.0
sz000892,2.56,200000.0
sz000893,10.0,710000.0
sz000895,41.17,2310000.0
sz000897,2.25,100000.0
sz000898,3.8,2580000.0
sz000899,5.99,2480000.0
sz000900,4.46,300000.0
sz000901,8.08,110000.0
sz000902,19.24,1360000.0
sz000903,4.1,3050000.0
sz000905,7.0,500000.0
sz000906,6.82,0.0
sz000908,3.9,1180000.0
sz000909,7.04,43648.0
sz000910,14.43,170000.0
sz000911,9.48,4770000.0
sz000912,4.02,120000.0
sz000913,25.0,290000.0
sz000915,20.97,80000.0
sz000917,4.64,180000.0
sz000918,6.68,1570000.0
sz000919,6.09,260000.0
sz000920,6.58,30000.0
sz000921,15.08,210000.0
sz000922,8.9,760000.0
sz000923,24.51,1900000.0
sz000925,6.78,20000.0
sz000926,4.66,100000.0
sz000927,4.19,320000.0
sz000928,5.98,7430000.0
sz000929,8.25,1770000.0
sz000930,8.87,580000.0
sz000931,7.07,70000.0
sz000932,8.4,33170000.0
sz000933,11.11,49550000.0
sz000935,14.04,620000.0
sz000936,5.97,100000.0
sz000937,3.6,7100000.0
sz000938,20.16,1030000.0
sz000948,8.92,130000.0
sz000949,4.41,6870000.0
sz000950,4.96,90000.0
sz000951,37.98,4200000.0
sz000952,6.99,16077.000000000002
sz000953,4.7,20000.0
sz000955,5.9,70000.0
sz000957,6.7,750000.0
sz000958,4.58,2100000.0
sz000959,4.4,640000.0
sz000960,13.9,9710000.0
sz000961,7.27,790000.0
sz000962,8.77,230000.0
sz000963,37.0,14540000.0
sz000965,2.84,20000.0
sz000966,5.39,50100000.0
sz000967,8.28,920000.0
sz000968,6.23,90000.0
sz000969,7.04,230000.0
sz000970,10.08,3320000.0
sz000971,2.77,13572.999999999998
sz000972,1.8,150000.0
sz000973,4.1,110000.0
sz000975,9.22,3570000.0
sz000976,6.15,3770000.0
sz000977,28.1,3180000.0
sz000978,4.96,270000.0
sz000980,3.48,0.0
sz000981,2.19,130000.0
sz000982,1.22,20000.0
sz000983,5.2,2310000.0
sz000985,12.1,30000.0
sz000987,14.54,3290000.0
sz000988,20.94,490000.0
sz000989,8.29,200000.0
sz000990,13.06,950000.0
sz000993,7.25,7200000.0
sz000995,17.49,2450000.0
sz000996,9.75,1880000.0
sz000997,14.32,170000.0
sz000998,17.16,770000.0
sz000999,25.45,520000.0
sz001696,7.04,100000.0
sz001872,14.9,40000.0
sz001896,7.0,6760000.0
sz001914,16.3,500000.0
sz001965,7.4,420000.0
sz001979,12.62,1580000.0
sz002001,41.52,1270000.0
sz002002,3.64,6080000.0
sz002003,7.17,70000.0
sz002004,5.03,230000.0
sz002005,1.12,250000.0
sz002006,6.4,180000.0
sz002007,39.83,5000000.0
sz002008,40.81,3790000.0
sz002009,9.3,7790000.0
sz002010,7.4,10670000.0
sz002011,3.99,350000.0
sz002012,5.73,70000.0
sz002013,9.99,2560000.0
sz002014,9.8,320000.0
sz002015,8.21,13820000.0
sz002016,6.44,10000.0
sz002017,10.16,600000.0
sz002019,18.77,830000.0
sz002020,10.58,20000.0
sz002021,1.68,10000.0
sz002022,14.45,320000.0
sz002023,12.26,420000.0
sz002024,7.3,3760000.0
sz002025,45.5,310000.0
sz002026,10.9,170000.0
sz002027,9.98,14790000.0
sz002028,25.63,1410000.0
sz002029,5.1,10000.0
sz002030,27.45,1270000.0
sz002031,1.83,50000.0
sz002032,67.8,450000.0
sz002033,7.31,660000.0
sz002034,19.12,2150000.0
sz002035,7.54,710000.0
sz002036,10.26,640000.0
sz002037,6.32,20000.0
sz002038,9.05,120000.0
sz002039,16.39,8220000.0
sz002040,6.22,70000.0
sz002041,16.9,390000.0
sz002042,4.73,90000.0
sz002043,9.89,330000.0
sz002044,14.48,1090000.0
sz002045,9.53,40000.0
sz002046,7.6,50000.0
sz002047,3.3,160000.0
sz002048,17.84,520000.0
sz002049,99.49,2530000.0
sz002050,21.07,1960000.0
sz002051,6.97,110000.0
sz002052,1.35,60000.0
sz002053,7.1,40000.0
sz002054,9.3,460000.0
sz002055,10.45,220000.0
sz002056,14.9,3130000.0
sz002057,7.67,460000.0
sz002058,10.13,320000.0
sz002059,5.7,1300000.0
sz002060,3.22,4800000.0
sz002061,5.76,480000.0
sz002062,4.14,310000.0
sz002063,8.86,4740000.0
sz002064,13.2,830000.0
sz002065,7.43,370000.0
sz002066,10.18,690000.0
sz002067,3.93,260000.0
sz002068,9.03,4010000.0
sz002069,3.6,1700000.0
sz002071,0.46,0.0
sz002072,4.1,10000.0
sz002073,4.36,70000.0
sz002074,38.1,8690000.0
sz002075,9.47,1260000.0
sz002076,2.23,540000.0
sz002077,5.61,60000.0
sz002078,16.38,980000.0
sz002079,8.53,190000.0
sz002080,25.97,2700000.0
sz002081,9.2,1660000.0
sz002082,11.35,250000.0
sz002083,4.21,110000.0
sz002084,6.59,3900000.0
sz002085,5.56,160000.0
sz002086,1.76,110000.0
sz002087,3.61,160000.0
sz002088,16.8,460000.0
sz002089,1.75,100000.0
sz002090,7.7,30000.0
sz002091,6.65,320000.0
sz002092,10.8,14740000.0
sz002093,6.23,190000.0
sz002094,2.95,20000.0
sz002095,12.7,25400.0
sz002096,8.53,2460000.0
sz002097,8.39,400000.0
sz002098,5.77,70000.0
sz002099,8.44,740000.0
sz002100,11.21,1930000.0
sz002101,6.73,50000.0
sz002102,1.7,120000.0
sz002103,3.83,20000.0
sz002104,6.09,90000.0
sz002105,7.6,460000.0
sz002106,10.47,180000.0
sz002107,7.43,70000.0
sz002108,4.35,420000.0
sz002109,6.71,14360000.0
sz002110,7.63,6050000.0
sz002111,17.65,450000.0
sz002112,7.26,120000.0
sz002113,1.39,180000.0
sz002114,6.78,270000.0
sz002115,5.38,210000.0
sz002116,6.0,10000.0
sz002117,7.77,40000.0
sz002118,3.12,1690000.0
sz002119,9.06,130000.0
sz002120,15.61,910000.0
sz002121,3.77,130000.0
sz002122,2.05,80000.0
sz002123,14.97,70000.0
sz002124,15.59,6960000.0
sz002125,7.6,610000.0
sz002126,10.84,290000.0
sz002127,8.99,7470000.0
sz002128,10.8,8130000.0
sz002129,26.07,6170000.0
sz002130,6.56,7330000.0
sz002131,3.05,1000000.0
sz002132,3.31,950000.0
sz002133,2.93,120000.0
sz002134,8.8,70000.0
sz002135,7.01,1530000.0
sz002136,10.17,660000.0
sz002137,5.57,10000.0
sz002138,35.7,2780000.0
sz002139,12.01,4160000.0
sz002140,6.98,160000.0
sz002141,2.3,48990.0
sz002142,39.81,3530000.0
sz002144,9.08,20000.0
sz002145,9.67,7690000.0
sz002146,6.52,1120000.0
sz002147,1.33,110000.0
sz002148,4.05,70000.0
sz002149,12.63,290000.0
sz002150,6.06,20000.0
sz002151,41.41,670000.0
sz002152,9.2,750000.0
sz002153,32.02,190000.0
sz002154,3.36,280000.0
sz002155,8.86,3400000.0
sz002156,20.8,2330000.0
sz002157,16.16,4840000.0
sz002158,20.31,590000.0
sz002159,11.85,20000.0
sz002160,3.96,520000.0
sz002161,4.48,200000.0
sz002162,3.82,4730000.0
sz002163,16.3,130000.0
sz002164,9.3,2750000.0
sz002165,5.58,180000.0
sz002166,7.49,20000.0
sz002167,5.64,420000.0
sz002168,3.03,850000.0
sz002169,6.98,360000.0
sz002170,3.93,80000.0
sz002171,7.99,620000.0
sz002172,3.48,630000.0
sz002173,6.4,40000.0
sz002174,10.5,1820000.0
sz002175,1.12,170000.0
sz002176,5.77,880000.0
sz002177,4.92,380000.0
sz002178,3.38,7890000.0
sz002179,60.5,410000.0
sz002180,26.19,290000.0
sz002181,4.19,190000.0
sz002182,11.07,880000.0
sz002183,4.38,130000.0
sz002184,19.58,3820000.0
sz002185,11.75,1570000.0
sz002186,10.09,50000.0
sz002187,7.68,50000.0
sz002188,2.69,20000.0
sz002189,15.87,30000.0
sz002190,24.95,240000.0
sz002191,9.92,680000.0
sz002192,39.9,5400000.0
sz002193,5.92,130000.0
sz002194,12.02,120000.0
sz002195,1.96,210000.0
sz002196,6.42,220000.0
sz002197,7.43,360000.0
sz002198,5.33,40000.0
sz002199,5.93,40000.0
sz002200,4.49,20205.0
sz002201,11.43,530000.0
sz002202,13.59,6680000.0
sz002203,8.94,80000.0
sz002204,3.66,230000.0
sz002205,7.21,70000.0
sz002206,5.97,480000.0
sz002207,7.49,3890000.0
sz002208,7.5,410000.0
sz002209,6.12,50000.0
sz002210,2.64,3480000.0
sz002211,5.53,120000.0
sz002212,20.02,1690000.0
sz002213,11.6,160000.0
sz002214,23.5,720000.0
sz002215,5.4,670000.0
sz002216,21.8,780000.0
sz002217,3.47,440000.0
sz002218,5.0,2160000.0
sz002219,1.98,660000.0
sz002221,11.68,1660000.0
sz002222,13.23,1290000.0
sz002223,27.35,2800000.0
sz002224,5.43,9774.0
sz002225,4.47,770000.0
sz002226,6.68,240000.0
sz002227,14.24,160000.0
sz002228,3.96,480000.0
sz002229,5.67,40000.0
sz002230,48.35,11050000.0
sz002231,4.37,84778.0
sz002232,11.02,250000.0
sz002233,12.54,1570000.0
sz002234,14.5,230000.0
sz002235,3.78,3600000.0
sz002236,21.03,16450000.0
sz002237,12.3,1370000.0
sz002238,6.62,480000.0
sz002239,3.71,2890000.0
sz002240,20.83,5070000.0
sz002241,28.44,18660000.0
sz002242,31.8,720000.0
sz002243,9.57,10000.0
sz002244,4.72,660000.0
sz002245,9.76,1750000.0
sz002246,6.41,60000.0
sz002247,2.02,50000.0
sz002248,4.69,60000.0
sz002249,4.92,1730000.0
sz002250,22.66,60000.0
sz002251,7.86,160000.0
sz002252,7.67,920000.0
sz002253,13.34,380000.0
sz002254,17.4,180000.0
sz002255,4.87,1110000.0
sz002256,1.4,210000.0
sz002258,24.5,9830000.0
sz002259,3.9,150000.0
sz002260,3.15,0.0
sz002261,6.5,410000.0
sz002262,13.43,750000.0
sz002263,2.99,4030000.0
sz002264,4.16,54496.0
sz002265,6.91,200000.0
sz002266,5.18,2740000.0
sz002267,6.3,50000.0
sz002268,16.61,120000.0
sz002269,1.4,1240000.0
sz002270,5.02,350000.0
sz002271,47.58,4570000.0
sz002272,5.8,16420000.0
sz002273,11.24,530000.0
sz002274,6.75,2780000.0
sz002275,12.92,160000.0
sz002276,6.83,50000.0
sz002277,3.39,80000.0
sz002278,6.29,280000.0
sz002279,4.65,120000.0
sz002280,2.66,2290000.0
sz002281,22.56,320000.0
sz002282,10.14,220000.0
sz002283,6.45,60000.0
sz002284,5.26,1940000.0
sz002285,4.24,300000.0
sz002286,8.8,1030000.0
sz002287,23.37,40000.0
sz002288,7.07,780000.0
sz002289,6.21,6210.0
sz002290,6.36,12720.0
sz002291,19.07,670000.0
sz002292,5.4,320000.0
sz002293,11.9,70000.0
sz002294,34.18,510000.0
sz002295,6.5,100000.0
sz002296,6.77,30000.0
sz002297,7.05,100000.0
sz002298,8.12,320000.0
sz002299,29.2,5370000.0
sz002300,5.8,280000.0
sz002301,11.22,50000.0
sz002302,8.83,430000.0
sz002303,3.52,120000.0
sz002304,165.58,6920000.0
sz002305,2.16,330000.0
sz002306,2.53,56925.0
sz002307,4.87,70000.0
sz002308,4.43,80000.0
sz002309,4.68,350000.0
sz002310,4.2,680000.0
sz002311,72.71,1670000.0
sz002312,7.31,170000.0
sz002313,10.08,20000.0
sz002314,3.49,90000.0
sz002315,17.26,250000.0
sz002316,3.36,30000.0
sz002317,8.28,760000.0
sz002318,14.08,1950000.0
sz002319,8.2,30000.0
sz002320,8.7,120000.0
sz002321,3.13,60000.0
sz002322,11.28,100000.0
sz002323,2.75,40000.0
sz002324,17.9,180000.0
sz002325,2.34,300000.0
sz002326,8.93,70000.0
sz002327,8.16,130000.0
sz002328,4.55,20000.0
sz002329,3.89,90000.0
sz002330,5.78,130000.0
sz002331,15.62,320000.0
sz002332,12.21,300000.0
sz002333,5.25,26250.0
sz002334,5.2,6270000.0
sz002335,18.32,720000.0
sz002336,3.94,2364.0
sz002337,2.96,220000.0
sz002338,15.02,350000.0
sz002339,5.99,10000.0
sz002340,8.65,28380000.0
sz002341,3.39,770000.0
sz002342,4.21,660000.0
sz002343,5.87,90000.0
sz002344,3.79,100814.0
sz002345,4.48,360000.0
sz002346,9.75,30000.0
sz002347,4.02,10000.0
sz002348,1.84,190000.0
sz002349,4.45,80000.0
sz002350,5.63,20000.0
sz002351,14.99,280000.0
sz002352,92.1,6350000.0
sz002353,37.69,1850000.0
sz002354,2.49,70000.0
sz002355,5.46,40000.0
sz002356,1.65,450000.0
sz002357,4.81,110000.0
sz002358,3.61,90000.0
sz002359,1.22,0.0
sz002360,7.75,560000.0
sz002361,4.56,110000.0
sz002362,18.98,200000.0
sz002363,5.48,20000.0
sz002364,9.15,10860000.0
sz002365,8.99,70000.0
sz002366,4.07,15830000.0
sz002367,10.3,340000.0
sz002368,20.31,810000.0
sz002369,4.9,140000.0
sz002370,3.52,300000.0
sz002371,149.55,4550000.0
sz002372,22.71,1750000.0
sz002373,16.08,1770000.0
sz002374,2.41,40000.0
sz002375,8.34,1330000.0
sz002376,9.63,190000.0
sz002377,4.13,20000.0
sz002378,8.51,11860000.0
sz002379,3.24,3790000.0
sz002380,15.7,8220000.0
sz002381,9.51,6640000.0
sz002382,20.41,750000.0
sz002383,5.48,20000.0
sz002384,19.88,1670000.0
sz002385,8.8,4100000.0
sz002386,6.4,1270000.0
sz002387,10.01,610000.0
sz002388,4.71,80000.0
sz002389,21.01,1170000.0
sz002390,8.17,100000.0
sz002391,7.19,70000.0
sz002392,4.55,420000.0
sz002393,17.93,40000.0
sz002394,10.0,60000.0
sz002395,12.69,10000.0
sz002396,20.09,290000.0
sz002397,3.91,150000.0
sz002398,7.77,40000.0
sz002399,17.22,220000.0
sz002400,4.82,1100000.0
sz002401,11.96,70000.0
sz002402,20.98,2310000.0
sz002403,7.22,28880.0
sz002404,6.35,140000.0
sz002405,14.91,3350000.0
sz002406,6.35,190000.0
sz002407,20.59,12850000.0
sz002408,10.28,11820000.0
sz002409,55.0,1840000.0
sz002410,59.88,1840000.0
sz002411,4.2,290000.0
sz002412,5.77,10000.0
sz002413,5.99,460000.0
sz002414,34.86,2770000.0
sz002415,54.01,23020000.0
sz002416,10.0,2710000.0
sz002417,6.68,140000.0
sz002418,1.69,169.0
sz002419,7.73,740000.0
sz002420,4.85,2220000.0
sz002421,3.65,410000.0
sz002422,19.03,1020000.0
sz002423,8.88,80000.0
sz002424,8.15,920000.0
sz002425,7.35,610000.0
sz002426,2.02,800000.0
sz002427,6.0,140000.0
sz002428,10.52,200000.0
sz002429,6.05,820000.0
sz002430,28.66,1270000.0
sz002431,3.19,450000.0
sz002432,8.35,1340000.0
sz002433,3.5,20000.0
sz002434,8.24,550000.0
sz002435,4.12,150000.0
sz002436,8.78,710000.0
sz002437,2.62,180000.0
sz002438,11.88,470000.0
sz002439,31.4,3790000.0
sz002440,10.21,940000.0
sz002441,7.4,110000.0
sz002442,4.74,660000.0
sz002443,7.15,510000.0
sz002444,33.25,2020000.0
sz002445,1.99,130000.0
sz002446,5.68,480000.0
sz002447,2.2,150000.0
sz002448,5.57,600000.0
sz002449,8.33,340000.0
sz002450,3.52,0.0
sz002451,6.22,50000.0
sz002452,5.38,1390000.0
sz002453,5.24,200000.0
sz002454,6.12,220000.0
sz002455,5.71,210000.0
sz002456,10.38,1810000.0
sz002457,7.63,690000.0
sz002458,10.17,370000.0
sz002459,27.9,850000.0
sz002460,97.99,17700000.0
sz002461,9.43,210000.0
sz002462,13.86,110000.0
sz002463,17.12,530000.0
sz002464,2.81,540000.0
sz002465,9.08,1230000.0
sz002466,39.0,43360000.0
sz002467,5.62,120000.0
sz002468,9.51,520000.0
sz002469,7.0,480000.0
sz002470,1.37,150000.0
sz002471,2.85,33590000.0
sz002472,8.52,60000.0
sz002473,5.01,50000.0
sz002474,5.09,10000.0
sz002475,40.4,54410000.0
sz002476,3.76,20000.0
sz002478,4.3,230000.0
sz002479,5.9,1580000.0
sz002480,4.97,220000.0
sz002481,10.61,490000.0
sz002482,2.67,30000.0
sz002483,4.82,70000.0
sz002484,13.51,490000.0
sz002485,4.22,110000.0
sz002486,2.97,80000.0
sz002487,10.15,2970000.0
sz002488,7.83,560000.0
sz002489,3.63,20000.0
sz002490,3.6,820000.0
sz002491,4.15,60000.0
sz002492,5.06,140000.0
sz002493,30.4,4180000.0
sz002494,3.44,270000.0
sz002495,2.19,60000.0
sz002496,2.56,70000.0
sz002497,18.8,4680000.0
sz002498,3.64,620000.0
sz002499,6.45,10000.0
sz002500,7.1,1010000.0
sz002501,2.63,530000.0
sz002502,2.9,50000.0
sz002503,1.72,1000000.0
sz002504,1.84,970000.0
sz002505,2.49,300000.0
sz002506,3.42,1040000.0
sz002507,40.83,1390000.0
sz002508,35.68,710000.0
sz002510,4.22,650000.0
sz002511,24.0,1920000.0
sz002512,3.33,200000.0
sz002513,4.16,3744.0
sz002514,4.0,1050000.0
sz002515,4.75,60000.0
sz002516,3.35,130000.0
sz002517,4.24,330000.0
sz002518,12.0,1170000.0
sz002519,3.83,50000.0
sz002520,6.07,70000.0
sz002521,6.25,390000.0
sz002522,6.1,80000.0
sz002523,2.31,20000.0
sz002524,10.05,260000.0
sz002526,2.16,60000.0
sz002527,5.91,80000.0
sz002528,3.66,5490.000000000001
sz002529,6.92,10000.0
sz002530,8.87,70000.0
sz002531,8.03,35400000.0
sz002532,11.02,26300000.0
sz002533,5.31,320000.0
sz002534,16.24,28280000.0
sz002535,1.82,320000.0
sz002536,5.28,260000.0
sz002537,5.37,1240000.0
sz002538,5.95,110000.0
sz002539,9.88,1350000.0
sz002540,4.81,70000.0
sz002541,47.49,770000.0
sz002542,2.79,80000.0
sz002543,8.06,20000.0
sz002544,13.17,80000.0
sz002545,8.03,100000.0
sz002546,3.78,30000.0
sz002547,4.05,50000.0
sz002548,7.33,200000.0
sz002549,8.35,14000000.0
sz002550,3.9,5070.0
sz002551,5.32,460000.0
sz002552,11.7,17550.0
sz002553,11.03,310000.0
sz002554,2.75,3910000.0
sz002555,26.31,106340000.0
sz002556,9.86,1940000.0
sz002557,48.8,1080000.0
sz002558,14.7,990000.0
sz002559,5.59,150000.0
sz002560,7.35,170000.0
sz002561,7.04,60000.0
sz002562,5.01,60000.0
sz002563,9.78,500000.0
sz002564,3.27,390000.0
sz002565,4.19,60000.0
sz002566,6.13,40458.0
sz002567,7.98,930000.0
sz002568,90.43,1200000.0
sz002569,8.57,10000.0
sz002570,4.92,130000.0
sz002571,8.79,160000.0
sz002572,32.36,440000.0
sz002573,5.75,5260000.0
sz002574,3.94,101652.0
sz002575,3.54,610000.0
sz002576,10.9,140000.0
sz002577,10.42,10420.0
sz002578,3.48,470000.0
sz002579,11.87,60000.0
sz002580,5.68,1230000.0
sz002581,9.96,450000.0
sz002582,11.99,150000.0
sz002583,5.65,680000.0
sz002584,5.31,130000.0
sz002585,11.41,35490000.0
sz002586,2.41,1350000.0
sz002587,4.26,50000.0
sz002588,5.53,550000.0
sz002589,4.51,70000.0
sz002590,6.54,310000.0
sz002591,4.87,60000.0
sz002592,3.24,510000.0
sz002593,3.53,50000.0
sz002594,178.55,51980000.0
sz002595,28.99,250000.0
sz002596,5.31,240000.0
sz002597,39.02,110000.0
sz002598,6.5,20000.0
sz002599,3.86,100000.0
sz002600,9.54,1760000.0
sz002601,34.15,3760000.0
sz002602,7.97,163160000.0
sz002603,21.2,570000.0
sz002605,23.98,140000.0
sz002606,7.18,130000.0
sz002607,31.0,560000.0
sz002608,6.87,600000.0
sz002609,9.04,150000.0
sz002610,2.67,4340000.0
sz002611,4.02,60000.0
sz002612,28.26,4890000.0
sz002613,3.31,170000.0
sz002614,13.15,290000.0
sz002615,4.22,50000.0
sz002616,8.06,360000.0
sz002617,7.38,650000.0
sz002618,4.47,660000.0
sz002619,1.54,300000.0
sz002620,6.13,2420000.0
sz002621,4.86,134136.0
sz002622,2.33,30000.0
sz002623,34.66,320000.0
sz002624,21.4,9000000.0
sz002625,19.99,3030000.0
sz002626,35.44,1330000.0
sz002627,5.58,10000.0
sz002628,3.73,70000.0
sz002629,2.06,20000.0
sz002630,2.6,16720000.0
sz002631,6.04,210000.0
sz002632,6.49,100000.0
sz002633,6.29,40000.0
sz002634,6.03,7236.0
sz002635,14.89,70000.0
sz002636,9.76,1570000.0
sz002637,14.2,620000.0
sz002638,1.66,380000.0
sz002639,5.91,130000.0
sz002640,4.63,610000.0
sz002641,6.7,110000.0
sz002642,4.11,190000.0
sz002643,17.29,540000.0
sz002644,6.84,20000.0
sz002645,13.38,7310000.0
sz002646,14.03,1570000.0
sz002647,17.47,0.0
sz002648,39.95,3580000.0
sz002649,10.15,700000.0
sz002650,5.89,210000.0
sz002651,9.44,100000.0
sz002652,3.45,60000.0
sz002653,24.47,920000.0
sz002654,3.42,60000.0
sz002655,6.45,80000.0
sz002656,1.51,50000.0
sz002657,11.14,140000.0
sz002658,7.44,3980000.0
sz002659,4.02,100000.0
sz002660,6.86,10000.0
sz002661,15.77,90000.0
sz002662,3.23,200000.0
sz002663,1.79,30000.0
sz002664,12.69,20000.0
sz002665,2.12,2850000.0
sz002666,4.84,80000.0
sz002667,6.7,100000.0
sz002668,5.91,2600000.0
sz002669,13.9,670000.0
sz002670,9.1,960000.0
sz002671,4.07,20000.0
sz002672,8.4,790000.0
sz002673,9.0,1170000.0
sz002674,11.46,70000.0
sz002675,18.6,80000.0
sz002676,3.08,90000.0
sz002677,18.31,430000.0
sz002678,6.6,30000.0
sz002679,12.17,8140000.0
sz002681,5.52,700000.0
sz002682,3.27,20000.0
sz002683,31.19,950000.0
sz002684,2.6,4440000.0
sz002685,3.99,20000.0
sz002686,5.25,40000.0
sz002687,5.53,70000.0
sz002688,6.15,200000.0
sz002689,3.2,530000.0
sz002690,41.39,220000.0
sz002691,3.99,9177.000000000002
sz002692,2.73,273.0
sz002693,3.84,20000.0
sz002694,2.27,20000.0
sz002695,18.48,820000.0
sz002696,5.34,40000.0
sz002697,5.95,150000.0
sz002698,13.1,160000.0
sz002699,4.43,60000.0
sz002700,3.58,20000.0
sz002701,5.2,220000.0
sz002702,6.93,90000.0
sz002703,5.27,20000.0
sz002705,40.19,290000.0
sz002706,24.82,880000.0
sz002707,7.33,1680000.0
sz002708,5.84,10000.0
sz002709,89.5,2260000.0
sz002711,0.77,0.0
sz002712,4.72,630000.0
sz002713,7.59,30000.0
sz002714,105.0,117480000.0
sz002715,17.8,170000.0
sz002716,2.47,50000.0
sz002717,3.11,260000.0
sz002718,16.67,20000.0
sz002719,9.19,50000.0
sz002721,2.84,50000.0
sz002722,10.07,30000.0
sz002723,16.0,20000.0
sz002724,6.95,30000.0
sz002725,6.92,30000.0
sz002726,10.43,450000.0
sz002727,39.99,1980000.0
sz002728,10.4,10000.0
sz002729,46.58,40000.0
sz002730,14.35,30000.0
sz002731,6.03,60000.0
sz002732,19.6,20000.0
sz002733,16.65,250000.0
sz002734,13.3,130000.0
sz002735,26.54,1400000.0
sz002736,11.7,490000.0
sz002737,13.06,120000.0
sz002738,24.14,890000.0
sz002739,18.6,1340000.0
sz002740,4.4,150000.0
sz002741,13.78,440000.0
sz002742,5.02,290000.0
sz002743,7.24,60092.00000000001
sz002745,12.88,510000.0
sz002746,10.32,40000.0
sz002747,24.24,1270000.0
sz002748,5.48,7124.000000000001
sz002749,11.74,220000.0
sz002750,7.95,220000.0
sz002751,17.05,120000.0
sz002752,5.95,90000.0
sz002753,7.54,10000.0
sz002755,13.79,50000.0
sz002756,40.36,4150000.0
sz002757,14.8,20000.0
sz002758,9.93,1080000.0
sz002759,16.39,2370000.0
sz002760,18.22,10000.0
sz002761,7.9,60000.0
sz002762,5.17,40000.0
sz002763,6.95,60000.0
sz002765,4.62,71610.0
sz002766,4.27,30000.0
sz002767,9.86,19720.0
sz002768,28.15,110000.0
sz002769,5.6,40000.0
sz002770,1.66,1170000.0
sz002771,10.77,20000.0
sz002772,8.55,150000.0
sz002773,36.15,300000.0
sz002774,6.17,10000.0
sz002775,4.69,160000.0
sz002776,3.69,30000.0
sz002777,18.36,930000.0
sz002778,22.24,100000.0
sz002779,11.03,20000.0
sz002780,18.27,150000.0
sz002781,10.0,5160000.0
sz002782,13.55,220000.0
sz002783,10.33,120000.0
sz002785,19.51,40000.0
sz002786,6.1,10369.999999999998
sz002787,5.94,1782.0
sz002788,7.33,16126.0
sz002789,14.19,20000.0
sz002790,5.33,3198.0
sz002791,147.9,1770000.0
sz002792,15.47,100000.0
sz002793,9.85,10000.0
sz002795,12.1,85910.0
sz002796,11.05,20000.0
sz002797,7.87,3250000.0
sz002798,18.37,580000.0
sz002799,20.37,610000.0
sz002800,17.42,30000.0
sz002801,33.66,23561.999999999996
sz002802,21.03,30000.0
sz002803,32.5,480000.0
sz002805,17.55,1110000.0
sz002806,9.13,30000.0
sz002807,4.37,640000.0
sz002808,7.31,30000.0
sz002809,10.04,20080.0
sz002810,56.34,3530000.0
sz002811,8.09,10000.0
sz002812,120.43,2720000.0
sz002813,25.71,1950000.0
sz002815,12.07,120000.0
sz002816,20.4,2320000.0
sz002817,12.96,2320000.0
sz002818,14.13,30000.0
sz002819,32.5,40000.0
sz002820,10.0,1000.0
sz002821,253.28,2430000.0
sz002822,6.06,110000.0
sz002823,9.52,10000.0
sz002824,15.55,710000.0
sz002825,15.39,170000.0
sz002826,8.64,40000.0
sz002827,11.13,20000.0
sz002828,8.18,250000.0
sz002829,34.5,1750000.0
sz002830,9.3,10000.0
sz002831,30.05,320000.0
sz002832,18.69,210000.0
sz002833,51.53,250000.0
sz002835,10.86,60000.0
sz002836,10.63,7910000.0
sz002837,17.89,10000.0
sz002838,20.79,190000.0
sz002839,5.72,190000.0
sz002840,10.01,80000.0
sz002841,125.55,350000.0
sz002842,10.45,240000.0
sz002843,7.2,370000.0
sz002845,23.8,100000.0
sz002846,15.3,1490000.0
sz002847,108.62,70000.0
sz002848,9.12,80000.0
sz002849,11.62,30000.0
sz002850,63.88,130000.0
sz002851,31.47,380000.0
sz002852,13.4,50000.0
sz002853,23.23,37168.0
sz002855,9.94,40000.0
sz002856,13.36,70000.0
sz002857,11.41,10000.0
sz002858,14.4,40000.0
sz002859,30.06,2250000.0
sz002860,16.27,70000.0
sz002861,16.5,150000.0
sz002862,11.67,4400000.0
sz002863,6.05,710000.0
sz002864,21.67,30000.0
sz002865,18.65,380000.0
sz002866,13.03,1070000.0
sz002867,31.83,320000.0
sz002868,12.55,20000.0
sz002869,26.9,100000.0
sz002870,20.37,10185.0
sz002871,12.9,50000.0
sz002872,4.19,33520.00000000001
sz002873,15.36,9216.0
sz002875,8.1,13769.999999999998
sz002876,64.12,610000.0
sz002877,6.68,70000.0
sz002878,17.39,40000.0
sz002879,14.02,220000.0
sz002880,46.0,10000.0
sz002881,18.71,10000.0
sz002882,8.8,1760.0000000000002
sz002883,11.88,11880.000000000002
sz002884,30.41,1320000.0
sz002885,11.81,70000.0
sz002886,24.85,290000.0
sz002887,12.74,700000.0
sz002888,13.66,20000.0
sz002889,23.58,4716.0
sz002890,23.34,230000.0
sz002891,42.7,180000.0
sz002892,20.53,350000.0
sz002893,7.11,240000.0
sz002895,10.97,10000.0
sz002896,23.37,90000.0
sz002897,22.61,30000.0
sz002898,8.84,10000.0
sz002899,12.78,20000.0
sz002900,7.93,60000.0
sz002901,49.78,650000.0
sz002902,11.09,60000.0
sz002903,12.37,30000.0
sz002905,9.21,70000.0
sz002906,27.9,2460000.0
sz002907,11.04,50000.0
sz002908,12.92,30000.0
sz002909,10.22,60000.0
sz002910,9.13,20000.0
sz002911,16.03,30000.0
sz002912,47.03,670000.0
sz002913,51.65,10330.0
sz002915,17.73,630000.0
sz002916,104.0,5380000.0
sz002917,8.81,1762.0
sz002918,36.09,360000.0
sz002919,43.31,210000.0
sz002920,81.0,840000.0
sz002921,19.51,30000.0
sz002922,13.78,60000.0
sz002923,17.0,5100.0
sz002925,56.9,310000.0
sz002926,10.09,4470000.0
sz002927,10.4,5200.0
sz002928,17.0,1990000.0
sz002929,25.68,920000.0
sz002930,16.86,60000.0
sz002931,15.25,10000.0
sz002932,64.36,50000.0
sz002933,27.52,5504.0
sz002935,20.57,50000.0
sz002936,3.87,760000.0
sz002937,12.61,11349.0
sz002938,39.58,580000.0
sz002939,10.89,330000.0
sz002940,32.65,310000.0
sz002941,11.14,790000.0
sz002942,26.09,10000.0
sz002943,15.02,30000.0
sz002945,12.12,410000.0
sz002946,17.84,120000.0
sz002947,30.6,180000.0
sz002948,5.11,900000.0
sz002949,22.35,1140000.0
sz002950,18.3,100000.0
sz002951,10.79,20000.0
sz002952,13.9,31970.0
sz002953,18.56,20000.0
sz002955,18.76,3752.0000000000005
sz002956,27.75,100000.0
sz002957,18.24,30000.0
sz002958,4.53,650000.0
sz002959,76.0,320000.0
sz002960,40.49,400000.0
sz002961,21.39,310000.0
sz002962,14.73,50000.0
sz002963,15.73,10000.0
sz002965,37.2,420000.0
sz002966,7.98,1200000.0
sz002967,31.2,440000.0
sz002968,62.4,20000.0
sz002969,5.11,750000.0
sz002970,50.6,100000.0
sz002971,20.76,950000.0
sz002972,17.08,120000.0
sz002973,22.44,120000.0
sz002975,91.79,200000.0
sz002976,23.05,20000.0
sz002977,101.71,360000.0
sz002978,46.15,390000.0
sz002979,42.96,250000.0
sz002980,42.74,10000.0
sz002981,24.0,250000.0
sz002982,57.87,120000.0
sz002983,23.76,30000.0
sz002984,38.27,350000.0
sz002985,134.0,340000.0
sz002986,33.89,20000.0
sz002987,45.0,210000.0
sz002988,13.71,190000.0
sz002989,42.08,30000.0
sz002990,66.8,50000.0
sz002991,81.33,70000.0
sz002992,23.0,670000.0
sz002993,54.15,2070000.0
sz002995,43.15,80000.0
sz002996,17.0,28550000.0
sz002997,14.88,30000.0
sz002998,11.03,3860000.0
sz002999,11.29,130000.0
sz003000,13.7,210000.0
sz003001,28.34,40000.0
sz003002,13.69,60000.0
sz003003,14.4,40000.0
sz003004,28.1,10000.0
sz003005,41.87,30000.0
sz003006,19.1,210100.0
sz003007,25.99,80000.0
sz003008,31.05,9315.0
sz003009,45.53,80000.0
sz003010,26.76,90000.0
sz003011,58.83,20000.0
sz003012,19.6,200000.0
sz003013,17.87,60000.0
sz003015,12.45,160000.0
sz003016,8.6,60000.0
sz003017,41.91,230000.0
sz003018,11.55,60000.0
sz003019,26.4,60000.0
sz003020,30.3,330000.0
sz003021,73.5,1800000.0
sz003022,26.99,890000.0
sz003023,27.48,50000.0
sz003025,31.82,270000.0
sz003026,61.01,2040000.0
sz003027,38.7,400000.0
sz003816,2.94,13110000.0
sz300001,26.38,2477082.0
sz300002,4.51,552024.0
sz300003,28.01,6893261.0
sz300004,6.7,780550.0
sz300005,6.82,152086.0
sz300006,6.06,102413.99999999999
sz300007,15.0,829500.0
sz300008,5.23,382313.0
sz300009,14.23,506588.0
sz300010,8.96,3313408.0
sz300011,5.13,152874.0
sz300012,24.25,1605350.0
sz300013,5.5,1159950.0
sz300014,82.4,12112800.000000002
sz300015,61.0,11407000.0
sz300016,8.53,45209.0
sz300017,6.35,738504.9999999999
sz300018,5.73,756360.0
sz300019,17.12,575232.0000000001
sz300020,7.67,181012.0
sz300021,5.19,907731.0000000001
sz300022,5.1,1783980.0
sz300023,8.4,271320.0
sz300024,11.48,298480.0
sz300025,3.82,72198.0
sz300026,3.97,187384.0
sz300027,3.88,82644.0
sz300029,5.24,63404.00000000001
sz300030,10.16,254000.0
sz300031,15.71,476013.0
sz300032,5.38,538.0
sz300033,119.81,3821939.0
sz300034,23.46,152490.0
sz300035,10.5,744450.0
sz300036,17.1,198360.0
sz300037,71.0,937200.0
sz300038,2.93,789928.0000000001
sz300039,4.11,97818.0
sz300040,7.86,1240308.0
sz300041,13.14,1314.0
sz300042,12.86,577414.0
sz300043,3.13,82945.0
sz300044,5.13,308313.0
sz300045,8.19,62243.99999999999
sz300046,18.1,543000.0
sz300047,6.32,748920.0000000001
sz300048,4.61,13830.000000000002
sz300049,7.76,34920.0
sz300050,5.06,213025.99999999997
sz300051,4.17,42117.0
sz300052,7.69,7690.000000000001
sz300053,8.85,174344.99999999997
sz300054,17.89,398947.0
sz300055,6.72,622271.9999999999
sz300056,6.63,105417.0
sz300057,4.94,192166.0
sz300058,5.93,236014.0
sz300059,27.88,18676812.0
sz300061,3.7,169090.0
sz300062,10.2,2153219.9999999995
sz300063,4.91,610313.0
sz300064,3.18,2466408.0
sz300065,10.36,106708.0
sz300066,4.49,36818.0
sz300067,4.38,406026.0
sz300068,12.52,374348.0
sz300069,12.49,0.0
sz300070,7.55,1672325.0
sz300071,2.38,3737790.0
sz300072,7.38,1273050.0
sz300073,46.72,1588480.0
sz300074,3.65,189435.0
sz300075,9.35,287045.0
sz300076,4.52,38872.0
sz300077,6.54,585330.0
sz300078,7.23,70131.0
sz300079,3.97,79797.0
sz300080,4.8,170400.0
sz300081,8.08,5656.0
sz300082,11.25,459000.0
sz300083,11.46,1674306.0000000002
sz300084,4.04,34340.0
sz300085,14.4,442080.0
sz300086,5.15,31415.000000000004
sz300087,24.5,639450.0
sz300088,7.65,448290.00000000006
sz300089,5.36,54136.0
sz300091,4.33,930950.0
sz300092,8.95,519100.0
sz300093,11.45,179765.0
sz300094,4.03,653263.0
sz300095,9.25,204425.0
sz300096,7.46,29094.0
sz300097,8.29,21553.999999999996
sz300098,3.25,273000.0
sz300099,7.56,6407856.0
sz300100,8.8,256080.00000000003
sz300101,14.96,362032.0
sz300102,6.56,13713024.0
sz300103,10.34,717596.0
sz300105,4.51,1483339.0
sz300106,10.59,78366.0
sz300107,5.34,237629.99999999997
sz300108,3.12,20280.0
sz300109,10.98,559980.0
sz300110,4.17,81315.0
sz300111,2.95,980285.0
sz300112,9.37,425397.99999999994
sz300113,13.61,1079273.0
sz300114,12.33,266328.0
sz300115,20.72,4228952.0
sz300116,1.99,625656.0
sz300117,3.95,1394745.0
sz300118,15.91,3334736.0
sz300119,27.9,650070.0
sz300120,8.24,28840.000000000004
sz300121,12.42,31050.0
sz300122,167.0,19422100.0
sz300123,9.25,279350.0
sz300124,86.0,3448600.0
sz300125,14.25,0.0
sz300126,6.19,214793.00000000003
sz300127,17.75,543150.0
sz300128,3.65,109864.99999999999
sz300129,7.06,2458998.0
sz300130,9.19,214127.0
sz300131,7.4,1251340.0000000002
sz300132,20.95,119414.99999999999
sz300133,5.95,197540.0
sz300134,9.67,27076.0
sz300135,2.47,152152.00000000003
sz300136,28.68,3412919.9999999995
sz300137,7.9,5642180.0
sz300138,15.52,0.0
sz300139,7.8,648960.0
sz300140,5.92,307840.0
sz300141,7.94,292192.0
sz300142,40.37,7298895.999999999
sz300143,19.71,53217.00000000001
sz300144,19.8,3233340.0
sz300145,2.89,0.0
sz300146,28.2,9415980.0
sz300147,7.16,80908.0
sz300148,3.22,218960.0
sz300149,12.9,56760.0
sz300150,3.94,60281.99999999999
sz300151,30.0,1752000.0
sz300152,4.13,1397179.0
sz300153,5.19,93420.0
sz300154,5.33,148174.0
sz300155,6.58,322420.0
sz300157,3.46,17992.0
sz300158,4.71,44274.0
sz300159,3.11,714056.0
sz300160,7.06,219566.0
sz300161,21.78,446490.00000000006
sz300162,5.55,109334.99999999999
sz300163,3.61,188441.99999999997
sz300164,3.81,384810.0
sz300165,4.57,417241.0
sz300166,9.1,229319.99999999997
sz300167,4.16,71552.0
sz300168,15.02,494158.0
sz300169,8.31,341541.00000000006
sz300170,7.25,682950.0
sz300171,19.45,643795.0
sz300172,6.3,1139040.0
sz300173,5.16,44376.0
sz300174,15.3,0.0
sz300175,4.64,457967.99999999994
sz300176,6.75,119475.0
sz300177,8.93,375953.0
sz300178,3.77,5446142.0
sz300179,5.5,1201750.0
sz300180,5.91,302001.0
sz300181,6.79,1098622.0
sz300182,3.03,280275.0
sz300183,13.2,264000.0
sz300184,3.66,401502.0
sz300185,3.47,1199579.0
sz300187,7.45,972225.0
sz300188,17.66,543928.0
sz300189,4.58,908214.0
sz300190,7.95,1308570.0
sz300191,18.6,189720.0
sz300192,13.03,862585.9999999999
sz300193,6.93,6237.0
sz300194,4.25,42075.0
sz300195,5.28,3696.0
sz300196,16.13,177430.0
sz300197,3.27,1073214.0
sz300198,3.98,455710.00000000006
sz300199,5.3,149990.0
sz300200,9.23,62764.0
sz300201,2.67,71823.0
sz300202,7.27,61794.99999999999
sz300203,15.37,2863431.0
sz300204,8.1,59940.0
sz300205,7.36,405536.0
sz300206,17.88,1695023.9999999998
sz300207,20.45,1595100.0
sz300208,10.7,1422030.0
sz300209,7.5,191250.0
sz300210,4.38,18396.0
sz300211,9.92,46624.0
sz300212,23.4,877500.0
sz300213,6.18,4326.0
sz300214,7.57,3028.0
sz300215,6.31,860052.9999999999
sz300217,3.0,468300.0
sz300218,11.4,7980.0
sz300219,9.88,22724.0
sz300220,13.56,39324.0
sz300221,7.31,467109.0
sz300222,7.62,166878.0
sz300223,56.0,2256800.0
sz300224,13.15,385295.0
sz300225,19.02,389910.0
sz300226,53.56,16068.0
sz300227,9.71,521427.00000000006
sz300228,6.28,459068.0
sz300229,9.55,227290.0
sz300230,4.08,195840.0
sz300231,8.08,180992.0
sz300232,9.15,780495.0000000001
sz300233,23.15,194460.0
sz300234,9.93,12711393.0
sz300235,10.69,11758.999999999998
sz300236,43.03,3747912.9999999995
sz300237,2.85,1217520.0
sz300238,18.43,208259.0
sz300239,5.05,110595.0
sz300240,5.24,22008.0
sz300241,6.25,153750.0
sz300242,4.25,221425.0
sz300243,13.8,153180.00000000003
sz300244,30.6,287640.0
sz300245,8.45,5914.999999999999
sz300246,22.86,38862.0
sz300247,2.82,1477680.0
sz300248,8.18,49079.99999999999
sz300249,7.38,1276002.0
sz300250,9.16,916.0
sz300251,11.82,683196.0
sz300252,7.22,88083.99999999999
sz300253,16.43,4736769.0
sz300254,5.77,118284.99999999999
sz300255,6.25,1363125.0
sz300256,5.31,54162.0
sz300257,14.71,73550.0
sz300258,13.32,13319.999999999998
sz300259,4.37,69046.0
sz300260,13.66,42346.0
sz300261,6.08,863360.0
sz300262,3.73,11190.0
sz300263,6.68,1044752.0
sz300264,3.31,0.0
sz300265,9.03,109262.99999999999
sz300266,3.3,343860.0
sz300267,3.88,34532.0
sz300268,10.28,0.0
sz300269,3.74,280874.0
sz300270,5.22,87695.99999999999
sz300271,18.4,632960.0
sz300272,4.62,851466.0
sz300273,5.12,128512.00000000001
sz300274,76.01,23023429.0
sz300275,8.96,10752.000000000002
sz300276,3.23,36822.0
sz300277,7.65,120870.0
sz300278,3.94,602426.0
sz300279,4.88,5856.0
sz300280,48.7,292200.0
sz300281,5.25,28875.0
sz300282,4.02,17286.0
sz300283,5.25,234150.0
sz300284,5.95,75565.0
sz300285,39.37,2244090.0
sz300286,14.32,329360.0
sz300287,3.19,366850.0
sz300288,9.55,201505.00000000003
sz300289,6.35,53340.0
sz300290,5.6,115359.99999999999
sz300291,4.99,118263.00000000001
sz300292,3.2,91840.00000000001
sz300293,14.76,1480428.0
sz300294,25.1,2018040.0000000002
sz300295,10.28,6167.999999999999
sz300296,7.47,261450.0
sz300297,4.49,639825.0
sz300298,30.12,692760.0
sz300299,5.86,173456.00000000003
sz300300,4.25,161075.0
sz300301,3.75,982875.0
sz300302,8.79,21974.999999999996
sz300303,5.11,149212.0
sz300304,4.7,31490.000000000004
sz300305,9.92,316448.0
sz300306,8.28,25668.0
sz300307,8.0,23200.0
sz300308,38.49,3160029.0
sz300309,2.32,56143.99999999999
sz300310,4.5,1632600.0
sz300311,5.36,137216.0
sz300312,5.56,1935991.9999999998
sz300313,16.12,1241240.0000000002
sz300314,15.34,111982.0
sz300315,5.49,4553406.000000001
sz300316,34.5,11212500.0
sz300317,5.9,256650.0
sz300318,8.05,300265.0
sz300319,8.4,370440.0
sz300320,5.41,650823.0
sz300321,17.14,3428.0
sz300322,10.56,0.0
sz300323,14.24,464224.0
sz300324,3.12,334776.0
sz300325,1.61,100303.00000000001
sz300326,10.14,566826.0
sz300327,39.17,1112428.0
sz300328,7.33,90892.0
sz300329,6.21,0.0
sz300330,8.67,22542.0
sz300331,24.8,4960.0
sz300332,4.98,272904.00000000006
sz300333,7.13,135470.0
sz300334,6.17,115996.0
sz300335,5.22,1521630.0
sz300336,2.87,138334.0
sz300337,4.98,664332.0000000001
sz300338,5.41,4328.0
sz300339,8.29,193156.99999999997
sz300340,9.97,61814.0
sz300341,9.03,16254.0
sz300342,10.12,83995.99999999999
sz300343,2.96,557368.0
sz300344,4.28,0.0
sz300345,4.25,169575.0
sz300346,29.3,925880.0000000001
sz300347,131.55,5196225.000000001
sz300348,16.45,287875.0
sz300349,11.14,5570.0
sz300350,4.69,183379.00000000003
sz300351,8.63,0.0
sz300352,4.45,29370.0
sz300353,6.85,67815.0
sz300354,13.03,19545.0
sz300355,4.55,10455445.0
sz300356,5.08,3855212.0000000005
sz300357,58.01,1525663.0
sz300358,11.07,145017.0
sz300359,5.91,514760.99999999994
sz300360,8.27,149687.0
sz300362,1.49,0.0
sz300363,40.93,1899152.0
sz300364,6.46,218994.0
sz300365,9.9,229680.00000000003
sz300366,7.31,408629.0
sz300367,2.88,78624.0
sz300368,12.81,1183644.0
sz300369,14.68,2099240.0
sz300370,2.3,161460.0
sz300371,12.6,0.0
sz300373,40.0,20952000.0
sz300374,13.2,106920.0
sz300375,3.85,117425.0
sz300376,6.51,1057224.0
sz300377,7.87,123558.99999999999
sz300378,22.4,0.0
sz300379,37.9,174340.0
sz300380,17.92,141568.0
sz300381,8.9,379140.0
sz300382,9.12,31920.0
sz300383,19.2,1595520.0
sz300384,14.05,223395.00000000003
sz300385,8.62,6492584.0
sz300386,17.0,472600.0
sz300387,6.78,3390.0
sz300388,8.6,1271080.0
sz300389,7.9,103490.00000000001
sz300390,27.79,1242213.0
sz300391,10.85,4340.0
sz300392,7.8,176280.0
sz300393,8.28,399924.0
sz300394,39.65,416325.0
sz300395,36.5,229950.0
sz300396,20.21,0.0
sz300397,14.31,108756.0
sz300398,14.38,139486.0
sz300399,12.39,42126.0
sz300400,12.08,473535.99999999994
sz300401,13.2,269280.0
sz300402,16.11,2315007.0
sz300403,6.41,467289.00000000006
sz300404,10.96,152344.0
sz300405,6.74,55268.00000000001
sz300406,20.06,401199.99999999994
sz300407,7.11,19197.0
sz300408,37.3,1480809.9999999998
sz300409,13.48,2182412.0
sz300410,7.67,1097577.0
sz300411,7.58,26530.0
sz300412,8.37,49382.99999999999
sz300413,59.56,1042300.0
sz300414,8.88,97680.0
sz300415,17.07,749373.0
sz300416,21.77,0.0
sz300417,12.7,6932930.0
sz300418,24.08,2403183.9999999995
sz300419,6.28,589064.0
sz300420,4.9,737450.0000000001
sz300421,9.36,67392.0
sz300422,9.5,285950.0
sz300423,11.74,93920.0
sz300424,12.29,38098.99999999999
sz300425,4.59,405297.0
sz300426,5.81,201025.99999999997
sz300427,14.58,288684.0
sz300428,14.7,2768010.0
sz300429,10.55,110775.0
sz300430,7.3,35770.0
sz300432,8.8,2024880.0000000002
sz300433,27.4,5099139.999999999
sz300434,8.0,58400.0
sz300435,12.0,265200.0
sz300436,36.42,801240.0
sz300437,8.25,0.0
sz300438,16.3,348820.0
sz300439,20.38,511538.0
sz300440,7.31,70176.0
sz300441,10.55,237375.0
sz300442,52.66,832027.9999999999
sz300443,34.38,763236.0
sz300444,4.83,656397.0
sz300445,10.97,0.0
sz300446,7.66,46726.0
sz300447,11.63,47683.00000000001
sz300448,6.26,180288.0
sz300449,7.52,97759.99999999999
sz300450,77.6,1986559.9999999998
sz300451,11.31,37323.0
sz300452,14.45,41904.99999999999
sz300453,15.72,427584.0
sz300454,214.14,4903806.0
sz300455,8.91,2673.0
sz300456,22.43,1267295.0
sz300457,17.5,2133250.0
sz300458,27.91,535872.0
sz300459,3.28,725536.0
sz300460,15.92,619288.0
sz300461,22.19,368354.00000000006
sz300462,15.11,3022.0
sz300463,37.66,150640.0
sz300464,13.67,228289.0
sz300465,8.37,622728.0
sz300466,5.12,23552.0
sz300467,11.76,74088.0
sz300468,18.58,741341.9999999999
sz300469,12.1,226269.99999999997
sz300470,44.39,1282871.0
sz300471,9.0,545400.0
sz300472,8.67,12138.0
sz300473,18.76,9380.000000000002
sz300474,75.5,2046050.0
sz300475,13.45,53800.0
sz300476,21.43,4481013.0
sz300477,4.71,170973.0
sz300478,8.56,161784.0
sz300479,10.9,369510.0
sz300480,14.71,0.0
sz300481,23.91,442335.00000000006
sz300482,77.01,854811.0
sz300483,31.69,110915.00000000001
sz300484,12.36,328776.0
sz300485,11.27,72128.0
sz300486,15.44,7720.0
sz300487,40.96,884736.0
sz300488,15.98,79900.0
sz300489,21.23,976580.0000000001
sz300490,10.51,2582307.0
sz300491,13.64,285076.0
sz300492,56.98,153845.99999999997
sz300493,6.07,109260.00000000001
sz300494,12.15,97200.0
sz300495,5.85,266175.0
sz300496,111.49,2742653.9999999995
sz300497,12.68,19020.0
sz300498,17.3,655670.0
sz300499,8.53,225191.99999999997
sz300500,12.92,944452.0
sz300501,16.45,113505.0
sz300502,39.98,923537.9999999999
sz300503,13.73,295195.0
sz300504,14.18,107768.0
sz300505,16.13,177430.0
sz300506,4.56,184223.99999999997
sz300507,10.6,1141620.0
sz300508,19.29,127313.99999999999
sz300509,5.96,17880.0
sz300510,5.15,807520.0000000001
sz300511,10.2,166260.0
sz300512,11.58,6948.0
sz300513,9.02,327426.0
sz300514,9.48,94800.0
sz300515,9.28,74240.0
sz300516,24.8,0.0
sz300517,17.37,6948.0
sz300518,37.26,14904.0
sz300519,13.77,0.0
sz300520,15.91,198875.0
sz300521,16.85,80880.0
sz300522,27.51,68775.0
sz300523,25.77,144312.0
sz300525,24.27,24270.0
sz300526,79.3,31720.0
sz300527,7.98,110922.0
sz300528,6.04,139524.0
sz300529,70.31,1427293.0
sz300530,20.1,82410.0
sz300531,14.13,182277.00000000003
sz300532,8.7,26100.0
sz300533,20.02,22022.0
sz300534,5.17,0.0
sz300535,13.05,76995.0
sz300536,14.33,0.0
sz300537,12.15,164025.0
sz300538,18.22,249614.0
sz300539,7.06,11296.0
sz300540,18.25,414275.0
sz300541,14.09,170489.0
sz300542,11.04,62928.0
sz300543,14.15,229230.00000000003
sz300545,21.82,19638.0
sz300546,12.87,55341.0
sz300547,8.77,47358.0
sz300548,34.63,436338.0
sz300549,19.56,461616.0
sz300550,16.34,0.0
sz300551,26.0,179400.0
sz300552,34.96,908960.0
sz300553,26.42,0.0
sz300554,15.88,109572.0
sz300555,8.08,163216.0
sz300556,17.29,74346.99999999999
sz300557,23.74,0.0
sz300558,97.48,2768432.0
sz300559,12.42,278208.0
sz300560,12.8,5120.0
sz300561,14.18,226880.00000000003
sz300562,16.42,36124.0
sz300563,25.78,30936.0
sz300564,25.4,88900.0
sz300565,15.0,75000.0
sz300566,47.5,384750.0
sz300567,56.45,1247545.0
sz300568,24.3,459270.0
sz300569,14.16,876504.0000000001
sz300570,14.1,33840.0
sz300571,32.37,45317.99999999999
sz300572,35.76,42912.0
sz300573,89.21,472813.0
sz300575,33.26,16630.0
sz300576,37.9,291830.0
sz300577,22.18,2218.0
sz300578,29.2,207319.99999999997
sz300579,32.42,223698.0
sz300580,18.1,27150.0
sz300581,31.52,397152.0
sz300582,17.6,621280.0
sz300583,18.9,52919.99999999999
sz300584,17.89,10734.0
sz300585,12.83,60301.0
sz300586,7.88,134748.0
sz300587,14.95,340860.0
sz300588,7.62,762.0
sz300589,22.01,156271.0
sz300590,25.45,94165.0
sz300591,6.13,978348.0
sz300592,21.0,10500.0
sz300593,35.71,403523.0
sz300594,21.4,6419.999999999999
sz300595,80.67,2476569.0
sz300596,39.61,376295.0
sz300597,8.73,0.0
sz300598,65.91,382278.0
sz300599,11.98,17970.0
sz300600,12.7,876300.0
sz300601,124.85,5293639.999999999
sz300602,17.14,0.0
sz300603,8.73,61983.00000000001
sz300604,31.12,140040.0
sz300605,11.5,7424400.0
sz300606,19.35,0.0
sz300607,36.7,304610.00000000006
sz300608,11.03,7720.999999999999
sz300609,15.08,31668.0
sz300610,16.58,318335.99999999994
sz300611,9.17,0.0
sz300612,15.63,231324.00000000003
sz300613,149.99,1769882.0
sz300615,10.73,2146.0
sz300616,79.0,55300.0
sz300617,42.0,58800.0
sz300618,73.95,5302215.0
sz300619,19.93,550068.0
sz300620,34.0,156400.0
sz300621,11.0,2443100.0
sz300622,16.1,218960.00000000003
sz300623,36.9,3003660.0
sz300624,41.64,853620.0000000001
sz300625,14.89,17868.0
sz300626,7.99,29563.0
sz300627,21.66,281580.0
sz300628,71.42,978454.0000000001
sz300629,21.29,29806.0
sz300630,43.04,542304.0
sz300631,17.0,105400.0
sz300632,13.24,113864.00000000001
sz300633,25.3,270710.0
sz300634,14.26,0.0
sz300635,21.0,195300.0
sz300636,24.41,82994.0
sz300637,8.22,263862.00000000006
sz300638,47.46,1177008.0
sz300639,31.49,151152.0
sz300640,6.67,2000.9999999999998
sz300641,6.22,619512.0
sz300642,60.92,219312.0
sz300643,10.13,38494.00000000001
sz300644,34.8,132240.0
sz300645,15.4,152460.0
sz300647,9.11,493762.0
sz300648,27.03,137853.0
sz300649,13.73,282838.0
sz300650,17.11,90683.0
sz300651,43.7,8740.0
sz300652,18.18,9090.0
sz300653,39.05,242110.0
sz300654,8.21,0.0
sz300655,28.28,282800.0
sz300656,23.06,947766.0
sz300657,16.6,162680.00000000003
sz300658,21.75,498075.0
sz300659,34.97,87425.0
sz300660,17.9,84130.0
sz300661,232.76,2141392.0
sz300662,51.97,389775.0
sz300663,16.83,309672.0
sz300664,7.31,464184.99999999994
sz300665,10.91,138557.0
sz300666,39.8,509439.99999999994
sz300667,22.66,0.0
sz300668,12.66,7596.000000000001
sz300669,36.59,54885.0
sz300670,8.4,2488080.0
sz300671,33.93,634491.0
sz300672,42.0,218400.0
sz300673,29.72,175348.0
sz300674,30.85,493600.0
sz300675,19.92,2161320.0
sz300676,120.41,1264305.0
sz300677,218.5,6074300.0
sz300678,16.79,104098.0
sz300679,31.98,278226.0
sz300680,28.93,682748.0
sz300681,31.51,129191.00000000001
sz300682,15.21,322452.0
sz300683,37.0,181300.0
sz300684,18.71,112260.00000000001
sz300685,69.35,152569.99999999997
sz300686,17.72,28352.0
sz300687,25.45,147610.0
sz300688,18.09,59697.0
sz300689,32.73,62186.999999999985
sz300690,46.21,887232.0
sz300691,12.15,10935.0
sz300692,16.86,1089156.0
sz300693,29.39,658336.0
sz300694,9.24,50820.0
sz300695,54.01,5401.0
sz300696,39.0,631800.0
sz300697,17.05,436480.0
sz300698,15.1,15100.0
sz300699,67.4,1024480.0000000001
sz300700,16.2,79380.0
sz300701,27.3,158340.0
sz300702,94.0,169200.0
sz300703,10.35,42435.0
sz300705,27.15,323085.0
sz300706,18.69,65415.00000000001
sz300707,13.1,5240.0
sz300708,21.8,1170660.0
sz300709,38.69,61904.0
sz300710,29.36,8808.0
sz300711,13.94,613360.0
sz300712,26.38,532876.0
sz300713,21.21,5240991.0
sz300715,40.35,96840.00000000001
sz300716,8.22,353460.00000000006
sz300717,14.39,233118.00000000003
sz300718,17.12,1712.0
sz300719,14.19,813087.0
sz300720,20.5,143500.0
sz300721,35.56,106680.00000000001
sz300722,48.03,1733883.0000000002
sz300723,49.42,0.0
sz300724,92.82,1225224.0
sz300725,150.4,496320.0
sz300726,62.9,150960.0
sz300727,26.7,811680.0
sz300729,38.25,164475.0
sz300730,14.1,1271820.0
sz300731,27.45,49410.0
sz300732,13.17,134334.0
sz300733,18.2,158340.0
sz300735,11.68,113296.0
sz300736,7.61,21308.0
sz300737,26.46,0.0
sz300738,39.77,345999.0
sz300739,15.0,64500.0
sz300740,26.42,1902240.0000000002
sz300741,43.85,48235.0
sz300742,21.9,129209.99999999999
sz300743,14.07,23919.0
sz300745,16.0,1600.0
sz300746,10.8,64800.0
sz300747,77.0,924000.0
sz300748,39.6,2423520.0
sz300749,8.22,163578.00000000003
sz300750,340.0,24650000.0
sz300751,385.6,732640.0
sz300752,32.9,493500.0
sz300753,27.34,0.0
sz300755,22.4,31359.999999999996
sz300756,22.99,52877.0
sz300757,31.43,0.0
sz300758,22.65,158550.0
sz300759,117.49,1268892.0
sz300760,379.0,5381800.0
sz300761,39.72,107244.0
sz300762,40.01,192048.0
sz300763,145.9,773270.0000000001
sz300765,17.42,818740.0
sz300766,15.66,535572.0
sz300767,77.41,356085.99999999994
sz300768,37.19,11157.0
sz300769,118.79,1033473.0000000001
sz300770,52.68,326616.0
sz300771,25.17,0.0
sz300772,15.21,89739.00000000001
sz300773,29.72,2520256.0
sz300775,28.03,227043.00000000003
sz300776,122.55,318630.0
sz300777,41.03,504669.00000000006
sz300778,25.14,7542.0
sz300779,18.39,205968.00000000003
sz300780,15.63,9378.0
sz300781,26.32,131600.0
sz300782,576.68,3979092.0
sz300783,35.3,137669.99999999997
sz300785,84.42,33768.0
sz300786,21.6,196560.0
sz300787,32.0,73600.0
sz300788,36.15,36150.0
sz300789,40.57,4057.0
sz300790,18.34,0.0
sz300791,85.96,17192.0
sz300792,95.94,508482.0
sz300793,15.04,27071.999999999996
sz300795,19.73,0.0
sz300796,17.66,261367.99999999997
sz300797,14.21,24157.000000000004
sz300798,10.41,954596.9999999999
sz300799,41.84,12552.000000000002
sz300800,31.0,920700.0
sz300801,22.21,0.0
sz300802,35.0,535500.0
sz300803,27.17,592306.0
sz300805,14.84,32648.0
sz300806,53.68,461647.99999999994
sz300807,26.75,42800.0
sz300808,13.59,29898.0
sz300809,15.07,0.0
sz300810,31.48,44072.0
sz300811,58.68,29339.999999999996
sz300812,30.16,48256.0
sz300813,40.41,0.0
sz300815,91.7,834470.0000000001
sz300816,85.0,1215500.0
sz300817,21.61,8644.0
sz300818,25.76,2576.0
sz300819,31.98,2360124.0
sz300820,35.96,104283.99999999999
sz300821,9.93,988035.0
sz300822,40.2,124620.0
sz300823,25.1,72790.00000000001
sz300824,21.7,2170.0
sz300825,19.26,11556.0
sz300826,26.52,0.0
sz300827,49.59,29754.000000000004
sz300828,24.69,29628.000000000004
sz300829,70.0,588000.0
sz300830,10.32,11352.000000000002
sz300831,14.72,10304.0
sz300832,100.98,131274.0
sz300833,46.68,65352.0
sz300835,47.02,192782.00000000003
sz300836,40.11,20055.0
sz300837,49.5,99000.0
sz300838,16.64,0.0
sz300839,24.24,155136.0
sz300840,13.78,369304.0
sz300841,392.0,901600.0
sz300842,48.15,640395.0
sz300843,23.66,302848.0
sz300845,24.87,4974.0
sz300846,19.5,150150.0
sz300847,18.89,56670.00000000001
sz300848,50.0,165000.0
sz300849,21.01,972763.0000000001
sz300850,126.0,478800.0
sz300851,31.74,0.0
sz300852,73.0,124100.0
sz300853,57.01,45608.0
sz300855,33.59,20154.000000000004
sz300856,50.4,408240.0
sz300857,26.36,13180.000000000002
sz300858,52.91,105819.99999999999
sz300859,25.01,3881552.0000000005
sz300860,133.15,932050.0
sz300861,50.12,280672.0
sz300862,37.71,456291.0
sz300863,90.08,1008895.9999999999
sz300864,102.55,4286590.0
sz300865,32.02,35222.0
sz300866,138.0,151800.0
sz300867,29.38,619917.9999999999
sz300868,33.75,84375.0
sz300869,79.18,245458.00000000003
sz300870,55.6,472600.0
sz300871,38.1,83820.0
sz300872,30.36,388608.0
sz300873,39.02,277042.0
sz300875,69.31,110896.0
sz300876,34.68,946764.0
sz300877,43.8,376680.0
sz300878,46.33,50963.0
sz300879,26.34,115896.0
sz300880,29.5,153400.0
sz300881,29.63,3952642.0
sz300882,21.25,112625.0
sz300883,12.18,29232.0
sz300884,38.3,149369.99999999997
sz300885,29.9,313950.0
sz300886,39.61,709019.0
sz300887,80.6,1370199.9999999998
sz300888,137.7,922590.0
sz300889,28.0,70000.0
sz300890,40.4,464600.0
sz300891,16.63,4726246.0
sz300892,46.5,190650.0
sz300893,33.35,103385.00000000001
sz300895,40.01,188046.99999999997
sz300896,784.84,12165020.000000002
sz300897,35.76,71520.0
sz300898,35.69,217708.99999999997
sz300899,40.65,101625.0
sz300900,33.1,430300.0
sz300901,16.17,126126.00000000003
sz300902,25.52,211816.0
sz300903,33.2,255640.0
sz300905,54.29,276879.0
sz300906,41.29,532641.0
sz300907,32.8,423120.0
sz300908,59.91,263604.0
sz300909,43.5,139200.0
sz300910,66.44,511588.0
sz300911,43.11,314703.0
sz300912,37.49,2822997.0
sz300913,27.71,379627.0
sz300915,67.96,108735.99999999999
sz300916,88.48,123872.0
sz300999,82.0,7339000.0
sz000939,0.15,0.0
sz000018,0.27,0.0
sz000043,20.25,0.0
